DATE,Value_hourly,Value_3hour
2015-01-01,25.958333333333332,25.75
2015-01-02,30.75,30.875
2015-01-03,25.583333333333332,25.5
2015-01-04,39.458333333333336,38.875
2015-01-05,23.625,24.625
2015-01-06,14.083333333333334,14.25
2015-01-07,11.0,11.875
2015-01-08,7.166666666666667,6.625
2015-01-09,19.291666666666668,19.25
2015-01-10,13.083333333333334,13.5
2015-01-11,19.458333333333332,18.125
2015-01-12,31.375,31.25
2015-01-13,9.458333333333334,10.625
2015-01-14,5.291666666666667,4.75
2015-01-15,16.916666666666668,17.125
2015-01-16,21.708333333333332,22.5
2015-01-17,11.708333333333334,10.875
2015-01-18,33.125,32.625
2015-01-19,34.333333333333336,34.5
2015-01-20,24.833333333333332,25.5
2015-01-21,16.416666666666668,16.571428571428573
2015-01-22,22.625,22.875
2015-01-23,23.958333333333332,23.875
2015-01-24,29.083333333333332,28.875
2015-01-25,25.916666666666668,26.5
2015-01-26,13.833333333333334,13.75
2015-01-27,13.458333333333334,13.625
2015-01-28,14.541666666666666,15.375
2015-01-29,15.916666666666666,15.125
2015-01-30,23.708333333333332,24.875
2015-01-31,8.166666666666666,8.125
2015-02-01,17.333333333333332,17.375
2015-02-02,7.25,7.5
2015-02-03,5.583333333333333,5.125
2015-02-04,23.375,22.5
2015-02-05,19.166666666666668,20.714285714285715
2015-02-06,8.375,7.875
2015-02-07,23.083333333333332,23.0
2015-02-08,14.208333333333334,14.5
2015-02-09,19.166666666666668,18.875
2015-02-10,22.875,23.0
2015-02-11,16.416666666666668,16.25
2015-02-12,23.583333333333332,24.375
2015-02-13,2.7916666666666665,2.875
2015-02-14,12.75,12.0
2015-02-15,6.416666666666667,7.5
2015-02-16,1.7916666666666667,1.375
2015-02-17,8.625,8.75
2015-02-18,12.5,12.125
2015-02-19,13.291666666666666,13.75
2015-02-20,4.333333333333333,4.875
2015-02-21,11.166666666666666,9.75
2015-02-22,27.541666666666668,27.5
2015-02-23,9.916666666666666,10.875
2015-02-24,7.666666666666667,6.625
2015-02-25,19.666666666666668,19.25
2015-02-26,14.416666666666666,14.857142857142858
2015-02-27,13.130434782608695,13.25
2015-02-28,14.166666666666666,13.0
2015-03-01,17.041666666666668,16.375
2015-03-02,25.5,25.875
2015-03-03,21.208333333333332,20.875
2015-03-04,35.041666666666664,35.0
2015-03-05,21.5,22.375
2015-03-06,15.041666666666666,14.285714285714286
2015-03-07,24.375,23.625
2015-03-08,30.708333333333332,30.625
2015-03-09,31.958333333333332,31.875
2015-03-10,37.041666666666664,36.625
2015-03-11,42.75,42.57142857142857
2015-03-12,34.708333333333336,35.375
2015-03-13,32.333333333333336,32.142857142857146
2015-03-14,37.583333333333336,37.375
2015-03-15,36.333333333333336,36.375
2015-03-16,36.541666666666664,36.142857142857146
2015-03-17,36.916666666666664,37.375
2015-03-18,25.583333333333332,26.125
2015-03-19,26.708333333333332,26.375
2015-03-20,27.75,28.0
2015-03-21,34.375,34.375
2015-03-22,23.291666666666668,23.75
2015-03-23,20.333333333333332,20.625
2015-03-24,25.583333333333332,25.125
2015-03-25,34.666666666666664,34.25
2015-03-26,38.791666666666664,38.875
2015-03-27,38.833333333333336,39.25
2015-03-28,27.666666666666668,28.125
2015-03-29,28.666666666666668,27.75
2015-03-30,38.125,38.25
2015-03-31,39.04347826086956,39.25
2015-04-01,35.0,35.375
2015-04-02,48.375,47.375
2015-04-03,56.416666666666664,56.625
2015-04-04,40.458333333333336,40.875
2015-04-05,35.708333333333336,35.375
2015-04-06,45.541666666666664,45.285714285714285
2015-04-07,42.333333333333336,42.5
2015-04-08,36.875,36.875
2015-04-09,37.916666666666664,37.875
2015-04-10,45.625,45.25
2015-04-11,44.25,45.125
2015-04-12,50.041666666666664,49.625
2015-04-13,59.75,59.0
2015-04-14,56.458333333333336,57.25
2015-04-15,52.708333333333336,53.125
2015-04-16,53.083333333333336,52.5
2015-04-17,55.416666666666664,56.0
2015-04-18,58.083333333333336,58.25
2015-04-19,51.583333333333336,51.714285714285715
2015-04-20,50.25,50.125
2015-04-21,52.666666666666664,52.875
2015-04-22,46.875,48.125
2015-04-23,39.375,39.375
2015-04-24,38.083333333333336,38.625
2015-04-25,44.625,44.125
2015-04-26,49.458333333333336,49.0
2015-04-27,50.208333333333336,50.375
2015-04-28,54.666666666666664,54.0
2015-04-29,60.375,60.75
2015-04-30,56.875,56.666666666666664
2015-05-01,55.291666666666664,56.0
2015-05-02,60.875,61.125
2015-05-03,64.375,64.0
2015-05-04,72.08333333333333,71.625
2015-05-05,69.08333333333333,69.625
2015-05-06,66.16666666666667,65.0
2015-05-07,68.83333333333333,69.0
2015-05-08,75.75,75.5
2015-05-09,71.75,71.0
2015-05-10,73.33333333333333,73.0
2015-05-11,76.91666666666667,77.125
2015-05-12,68.45833333333333,69.625
2015-05-13,56.125,55.857142857142854
2015-05-14,55.458333333333336,55.25
2015-05-15,60.875,60.375
2015-05-16,65.79166666666667,65.5
2015-05-17,72.79166666666667,73.375
2015-05-18,67.45833333333333,67.625
2015-05-19,63.75,64.125
2015-05-20,51.458333333333336,51.625
2015-05-21,55.25,54.75
2015-05-22,58.125,58.5
2015-05-23,51.125,51.0
2015-05-24,65.08333333333333,66.57142857142857
2015-05-25,73.75,74.71428571428571
2015-05-26,78.33333333333333,78.625
2015-05-27,75.21739130434783,75.85714285714286
2015-05-28,71.16666666666667,71.75
2015-05-29,71.5,69.71428571428571
2015-05-30,75.83333333333333,75.5
2015-05-31,57.541666666666664,59.25
2015-06-01,52.25,52.375
2015-06-02,55.416666666666664,53.0
2015-06-03,58.75,59.25
2015-06-04,61.041666666666664,60.75
2015-06-05,66.54166666666667,66.5
2015-06-06,62.333333333333336,62.875
2015-06-07,62.458333333333336,62.125
2015-06-08,67.04166666666667,67.25
2015-06-09,68.83333333333333,69.125
2015-06-10,71.25,69.14285714285714
2015-06-11,73.95833333333333,74.875
2015-06-12,71.625,71.25
2015-06-13,72.08333333333333,72.25
2015-06-14,72.625,71.28571428571429
2015-06-15,67.70833333333333,68.0
2015-06-16,70.70833333333333,70.625
2015-06-17,67.375,67.2
2015-06-18,67.95833333333333,67.75
2015-06-19,69.66666666666667,70.375
2015-06-20,64.54166666666667,64.0
2015-06-21,73.70833333333333,73.375
2015-06-22,74.625,75.125
2015-06-23,75.29166666666667,75.0
2015-06-24,69.875,70.5
2015-06-25,70.66666666666667,70.375
2015-06-26,68.04166666666667,68.28571428571429
2015-06-27,62.416666666666664,62.5
2015-06-28,58.958333333333336,58.285714285714285
2015-06-29,65.625,65.25
2015-06-30,66.04166666666667,66.28571428571429
2015-07-01,70.125,70.125
2015-07-02,68.0,68.5
2015-07-03,66.66666666666667,66.28571428571429
2015-07-04,63.416666666666664,63.0
2015-07-05,70.79166666666667,70.5
2015-07-06,74.04166666666667,71.66666666666667
2015-07-07,76.41666666666667,77.0
2015-07-08,74.08333333333333,74.28571428571429
2015-07-09,68.5,69.83333333333333
2015-07-10,72.45833333333333,71.57142857142857
2015-07-11,73.58333333333333,74.0
2015-07-12,76.25,76.25
2015-07-13,77.875,78.0
2015-07-14,76.0,76.25
2015-07-15,69.29166666666667,69.5
2015-07-16,65.875,64.71428571428571
2015-07-17,69.29166666666667,69.125
2015-07-18,76.875,76.875
2015-07-19,76.66666666666667,77.0
2015-07-20,78.20833333333333,78.5
2015-07-21,73.54166666666667,73.25
2015-07-22,71.16666666666667,71.5
2015-07-23,69.5,68.42857142857143
2015-07-24,67.41666666666667,67.125
2015-07-25,72.29166666666667,72.0
2015-07-26,74.83333333333333,74.75
2015-07-27,78.41666666666667,78.28571428571429
2015-07-28,78.875,77.71428571428571
2015-07-29,80.95833333333333,79.57142857142857
2015-07-30,78.20833333333333,78.125
2015-07-31,75.70833333333333,75.75
2015-08-01,74.125,74.5
2015-08-02,74.58333333333333,74.25
2015-08-03,75.08333333333333,74.57142857142857
2015-08-04,73.29166666666667,73.0
2015-08-05,69.375,69.5
2015-08-06,69.25,69.83333333333333
2015-08-07,69.16666666666667,69.25
2015-08-08,70.70833333333333,68.33333333333333
2015-08-09,73.5,71.66666666666667
2015-08-10,74.16666666666667,74.5
2015-08-11,71.66666666666667,71.875
2015-08-12,72.125,72.25
2015-08-13,68.83333333333333,68.25
2015-08-14,71.45833333333333,71.0
2015-08-15,72.91666666666667,71.42857142857143
2015-08-16,74.625,74.5
2015-08-17,78.70833333333333,77.14285714285714
2015-08-18,79.79166666666667,79.875
2015-08-19,79.83333333333333,79.875
2015-08-20,80.125,81.0
2015-08-21,70.91666666666667,71.875
2015-08-22,69.91666666666667,69.42857142857143
2015-08-23,73.08333333333333,73.85714285714286
2015-08-24,75.70833333333333,75.625
2015-08-25,72.875,71.5
2015-08-26,68.58333333333333,68.375
2015-08-27,66.95833333333333,67.25
2015-08-28,65.95833333333333,65.42857142857143
2015-08-29,68.25,67.875
2015-08-30,71.875,72.125
2015-08-31,75.41666666666667,75.25
2015-09-01,74.25,72.42857142857143
2015-09-02,75.66666666666667,73.85714285714286
2015-09-03,74.20833333333333,73.42857142857143
2015-09-04,73.45833333333333,72.66666666666667
2015-09-05,71.58333333333333,71.0
2015-09-06,74.25,73.875
2015-09-07,77.75,77.25
2015-09-08,79.375,76.66666666666667
2015-09-09,78.79166666666667,79.25
2015-09-10,69.29166666666667,69.5
2015-09-11,69.91666666666667,69.75
2015-09-12,66.375,65.71428571428571
2015-09-13,65.33333333333333,66.83333333333333
2015-09-14,61.875,61.75
2015-09-15,67.375,67.875
2015-09-16,67.83333333333333,63.0
2015-09-17,69.75,69.875
2015-09-18,71.08333333333333,70.875
2015-09-19,72.875,72.5
2015-09-20,61.666666666666664,61.42857142857143
2015-09-21,57.291666666666664,57.0
2015-09-22,58.666666666666664,57.57142857142857
2015-09-23,59.625,59.125
2015-09-24,63.333333333333336,63.25
2015-09-25,61.125,61.125
2015-09-26,58.708333333333336,58.625
2015-09-27,59.333333333333336,59.375
2015-09-28,65.5,65.0
2015-09-29,70.66666666666667,70.5
2015-09-30,58.0,58.5
2015-10-01,52.666666666666664,52.875
2015-10-02,49.916666666666664,50.0
2015-10-03,51.416666666666664,52.5
2015-10-04,52.958333333333336,53.625
2015-10-05,49.916666666666664,49.5
2015-10-06,58.125,57.75
2015-10-07,59.958333333333336,60.625
2015-10-08,54.791666666666664,55.5
2015-10-09,57.583333333333336,57.625
2015-10-10,49.75,49.875
2015-10-11,53.75,52.875
2015-10-12,61.291666666666664,61.0
2015-10-13,59.458333333333336,60.0
2015-10-14,54.666666666666664,55.375
2015-10-15,51.458333333333336,50.857142857142854
2015-10-16,51.25,51.5
2015-10-17,42.166666666666664,42.625
2015-10-18,36.0,36.125
2015-10-19,39.541666666666664,39.666666666666664
2015-10-20,52.041666666666664,51.625
2015-10-21,53.208333333333336,53.875
2015-10-22,55.833333333333336,55.625
2015-10-23,43.041666666666664,43.75
2015-10-24,41.75,41.0
2015-10-25,50.791666666666664,51.0
2015-10-26,42.416666666666664,41.142857142857146
2015-10-27,40.333333333333336,37.714285714285715
2015-10-28,46.166666666666664,45.125
2015-10-29,57.75,60.142857142857146
2015-10-30,46.875,46.875
2015-10-31,41.583333333333336,41.0
2015-11-01,52.083333333333336,53.285714285714285
2015-11-02,50.375,50.375
2015-11-03,52.625,52.125
2015-11-04,56.375,55.75
2015-11-05,61.25,60.375
2015-11-06,64.95833333333333,65.0
2015-11-07,51.541666666666664,52.25
2015-11-08,44.208333333333336,44.5
2015-11-09,41.041666666666664,38.714285714285715
2015-11-10,46.708333333333336,46.125
2015-11-11,47.708333333333336,47.625
2015-11-12,51.583333333333336,51.875
2015-11-13,49.708333333333336,49.625
2015-11-14,39.458333333333336,39.625
2015-11-15,45.375,45.25
2015-11-16,46.208333333333336,46.75
2015-11-17,35.833333333333336,36.5
2015-11-18,41.791666666666664,40.5
2015-11-19,56.625,56.375
2015-11-20,46.125,46.75
2015-11-21,39.041666666666664,38.625
2015-11-22,44.416666666666664,44.875
2015-11-23,32.333333333333336,32.875
2015-11-24,31.833333333333332,29.857142857142858
2015-11-25,35.541666666666664,35.625
2015-11-26,44.375,43.5
2015-11-27,55.583333333333336,55.25
2015-11-28,40.75,41.625
2015-11-29,34.833333333333336,35.125
2015-11-30,30.791666666666668,31.125
2015-12-01,36.041666666666664,35.375
2015-12-02,45.458333333333336,45.25
2015-12-03,42.608695652173914,43.142857142857146
2015-12-04,41.583333333333336,41.25
2015-12-05,39.916666666666664,40.625
2015-12-06,31.166666666666668,31.0
2015-12-07,34.833333333333336,34.875
2015-12-08,33.166666666666664,33.5
2015-12-09,39.17391304347826,37.42857142857143
2015-12-10,49.0,49.25
2015-12-11,49.041666666666664,48.75
2015-12-12,48.916666666666664,49.25
2015-12-13,46.666666666666664,47.125
2015-12-14,54.916666666666664,54.125
2015-12-15,50.541666666666664,51.0
2015-12-16,41.47826086956522,40.5
2015-12-17,48.541666666666664,48.25
2015-12-18,40.5,41.0
2015-12-19,34.083333333333336,34.25
2015-12-20,33.333333333333336,33.375
2015-12-21,41.166666666666664,40.625
2015-12-22,49.291666666666664,49.25
2015-12-23,50.708333333333336,50.25
2015-12-24,58.375,59.5
2015-12-25,47.125,47.125
2015-12-26,42.791666666666664,43.0
2015-12-27,44.791666666666664,45.375
2015-12-28,28.166666666666668,28.75
2015-12-29,30.5,30.0
2015-12-30,36.916666666666664,36.75
2015-12-31,38.916666666666664,38.875
2016-01-01,34.375,34.5
2016-01-02,33.041666666666664,32.875
2016-01-03,34.0,34.25
2016-01-04,14.25,15.375
2016-01-05,9.916666666666666,9.75
2016-01-06,17.875,19.833333333333332
2016-01-07,22.652173913043477,21.0
2016-01-08,29.0,28.25
2016-01-09,41.0,41.0
2016-01-10,44.375,43.625
2016-01-11,26.291666666666668,27.125
2016-01-12,25.227272727272727,24.875
2016-01-13,20.958333333333332,21.625
2016-01-14,23.958333333333332,23.625
2016-01-15,31.666666666666668,30.0
2016-01-16,34.75,34.625
2016-01-17,31.625,31.875
2016-01-18,20.5,21.0
2016-01-19,18.208333333333332,18.25
2016-01-20,22.958333333333332,22.5
2016-01-21,23.0,23.0
2016-01-22,20.666666666666668,20.75
2016-01-23,21.0,21.25
2016-01-24,20.25,19.625
2016-01-25,30.0,28.833333333333332
2016-01-26,38.541666666666664,38.375
2016-01-27,35.291666666666664,36.375
2016-01-28,32.208333333333336,32.125
2016-01-29,30.458333333333332,31.125
2016-01-30,32.291666666666664,31.875
2016-01-31,43.75,43.375
2016-02-01,45.208333333333336,45.75
2016-02-02,37.041666666666664,35.714285714285715
2016-02-03,45.63636363636363,46.0
2016-02-04,44.291666666666664,45.5
2016-02-05,33.833333333333336,34.375
2016-02-06,32.0,31.5
2016-02-07,35.583333333333336,35.875
2016-02-08,28.375,28.571428571428573
2016-02-09,26.791666666666668,27.0
2016-02-10,30.666666666666668,30.75
2016-02-11,17.625,18.25
2016-02-12,15.375,15.125
2016-02-13,6.208333333333333,7.0
2016-02-14,-3.0833333333333335,-2.7142857142857144
2016-02-15,9.869565217391305,9.0
2016-02-16,33.77114735642931,34.3050151137127
2016-02-17,33.625,34.0
2016-02-18,23.041666666666668,24.6
2016-02-19,26.125,24.875
2016-02-20,47.041666666666664,47.125
2016-02-21,41.541666666666664,42.0
2016-02-22,31.541666666666668,32.0
2016-02-23,28.375,27.875
2016-02-24,35.541666666666664,34.875
2016-02-25,44.875,45.875
2016-02-26,26.125,26.5
2016-02-27,29.583333333333332,29.125
2016-02-28,45.541666666666664,46.714285714285715
2016-02-29,44.25,44.625
2016-03-01,30.041666666666668,29.714285714285715
2016-03-02,29.608695652173914,30.375
2016-03-03,22.416666666666668,22.375
2016-03-04,26.416666666666668,26.375
2016-03-05,26.875,26.875
2016-03-06,32.458333333333336,30.571428571428573
2016-03-07,41.958333333333336,41.625
2016-03-08,47.291666666666664,46.857142857142854
2016-03-09,63.75,63.0
2016-03-10,59.916666666666664,60.5
2016-03-11,46.541666666666664,47.625
2016-03-12,43.791666666666664,43.125
2016-03-13,49.391304347826086,49.57142857142857
2016-03-14,41.56521739130435,41.833333333333336
2016-03-15,48.541666666666664,48.125
2016-03-16,52.791666666666664,52.0
2016-03-17,48.5,48.0
2016-03-18,41.416666666666664,41.5
2016-03-19,32.875,33.375
2016-03-20,32.125,31.285714285714285
2016-03-21,37.583333333333336,38.0
2016-03-22,41.833333333333336,35.0
2016-03-23,44.78260869565217,43.0
2016-03-24,44.083333333333336,43.875
2016-03-25,46.0,46.25
2016-03-26,40.791666666666664,40.0
2016-03-27,47.583333333333336,47.375
2016-03-28,44.541666666666664,44.5
2016-03-29,39.916666666666664,40.125
2016-03-30,45.333333333333336,44.625
2016-03-31,60.416666666666664,59.75
2016-04-01,61.125,61.42857142857143
2016-04-02,44.166666666666664,45.57142857142857
2016-04-03,30.333333333333332,30.75
2016-04-04,23.583333333333332,23.875
2016-04-05,25.791666666666668,25.375
2016-04-06,33.125,32.25
2016-04-07,49.208333333333336,48.0
2016-04-08,38.125,38.75
2016-04-09,36.208333333333336,35.0
2016-04-10,36.875,36.375
2016-04-11,46.708333333333336,46.375
2016-04-12,44.75,45.125
2016-04-13,42.666666666666664,41.57142857142857
2016-04-14,45.166666666666664,45.125
2016-04-15,49.5,49.0
2016-04-16,52.75,52.25
2016-04-17,57.125,57.375
2016-04-18,60.75,60.625
2016-04-19,53.166666666666664,53.875
2016-04-20,50.5,51.125
2016-04-21,58.041666666666664,55.42857142857143
2016-04-22,65.875,65.75
2016-04-23,53.041666666666664,53.75
2016-04-24,48.125,48.0
2016-04-25,50.583333333333336,50.75
2016-04-26,40.458333333333336,40.875
2016-04-27,46.583333333333336,46.5
2016-04-28,47.083333333333336,47.125
2016-04-29,49.666666666666664,49.125
2016-04-30,55.416666666666664,55.0
2016-05-01,47.541666666666664,48.5
2016-05-02,48.083333333333336,47.142857142857146
2016-05-03,50.5,50.5
2016-05-04,49.625,49.714285714285715
2016-05-05,52.708333333333336,52.5
2016-05-06,55.416666666666664,55.375
2016-05-07,56.041666666666664,55.0
2016-05-08,52.5,52.5
2016-05-09,49.875,49.75
2016-05-10,54.541666666666664,53.75
2016-05-11,60.208333333333336,56.5
2016-05-12,65.5,65.0
2016-05-13,60.25,60.75
2016-05-14,59.166666666666664,59.25
2016-05-15,45.333333333333336,46.0
2016-05-16,47.68181818181818,46.4
2016-05-17,54.541666666666664,52.57142857142857
2016-05-18,55.208333333333336,50.6
2016-05-19,58.875,58.875
2016-05-20,60.083333333333336,58.285714285714285
2016-05-21,59.75,59.625
2016-05-22,62.458333333333336,61.42857142857143
2016-05-23,67.08333333333333,66.875
2016-05-24,61.958333333333336,62.375
2016-05-25,70.04166666666667,69.25
2016-05-26,74.0,73.375
2016-05-27,77.41666666666667,77.875
2016-05-28,80.75,81.0
2016-05-29,75.95833333333333,76.5
2016-05-30,72.45833333333333,71.57142857142857
2016-05-31,71.70833333333333,71.75
2016-06-01,71.625,71.625
2016-06-02,73.16666666666667,73.125
2016-06-03,68.625,68.875
2016-06-04,72.29166666666667,72.125
2016-06-05,66.33333333333333,66.625
2016-06-06,70.5,70.375
2016-06-07,65.29166666666667,65.625
2016-06-08,58.458333333333336,58.875
2016-06-09,57.291666666666664,57.75
2016-06-10,61.416666666666664,61.5
2016-06-11,56.333333333333336,56.25
2016-06-12,60.791666666666664,61.125
2016-06-13,58.375,58.625
2016-06-14,63.541666666666664,63.25
2016-06-15,69.58333333333333,69.25
2016-06-16,72.5,72.16666666666667
2016-06-17,69.33333333333333,69.42857142857143
2016-06-18,72.70833333333333,72.125
2016-06-19,76.625,75.28571428571429
2016-06-20,77.5,77.375
2016-06-21,71.16666666666667,72.375
2016-06-22,64.08333333333333,63.5
2016-06-23,67.875,64.0
2016-06-24,69.20833333333333,66.66666666666667
2016-06-25,72.79166666666667,71.14285714285714
2016-06-26,78.125,78.125
2016-06-27,73.58333333333333,73.75
2016-06-28,72.08333333333333,72.25
2016-06-29,71.375,71.25
2016-06-30,72.29166666666667,71.85714285714286
2016-07-01,70.375,70.75
2016-07-02,66.29166666666667,66.375
2016-07-03,70.25,70.25
2016-07-04,73.95833333333333,73.875
2016-07-05,77.16666666666667,77.14285714285714
2016-07-06,78.70833333333333,78.42857142857143
2016-07-07,77.45833333333333,77.75
2016-07-08,74.45833333333333,72.66666666666667
2016-07-09,65.58333333333333,65.875
2016-07-10,68.91666666666667,69.125
2016-07-11,68.29166666666667,68.5
2016-07-12,73.04166666666667,71.28571428571429
2016-07-13,79.25,78.28571428571429
2016-07-14,78.33333333333333,77.625
2016-07-15,77.66666666666667,78.125
2016-07-16,74.45833333333333,74.5
2016-07-17,74.83333333333333,76.0
2016-07-18,76.70833333333333,76.25
2016-07-19,69.95833333333333,70.375
2016-07-20,68.83333333333333,67.42857142857143
2016-07-21,74.20833333333333,74.0
2016-07-22,81.16666666666667,80.875
2016-07-23,77.83333333333333,78.25
2016-07-24,74.625,74.375
2016-07-25,76.16666666666667,75.14285714285714
2016-07-26,77.33333333333333,77.375
2016-07-27,77.45833333333333,77.75
2016-07-28,77.66666666666667,76.0
2016-07-29,76.33333333333333,76.5
2016-07-30,71.375,71.375
2016-07-31,67.08333333333333,67.125
2016-08-01,70.0,69.42857142857143
2016-08-02,68.83333333333333,68.85714285714286
2016-08-03,71.04166666666667,71.0
2016-08-04,73.79166666666667,72.57142857142857
2016-08-05,76.125,76.0
2016-08-06,77.08333333333333,77.375
2016-08-07,74.04166666666667,73.875
2016-08-08,72.33333333333333,72.28571428571429
2016-08-09,74.16666666666667,73.42857142857143
2016-08-10,76.04166666666667,75.14285714285714
2016-08-11,81.125,80.0
2016-08-12,80.25,79.375
2016-08-13,79.375,79.5
2016-08-14,78.16666666666667,78.33333333333333
2016-08-15,74.33333333333333,74.375
2016-08-16,75.5,75.125
2016-08-17,74.5,74.875
2016-08-18,74.33333333333333,73.85714285714286
2016-08-19,74.25,74.375
2016-08-20,74.83333333333333,74.5
2016-08-21,74.79166666666667,75.25
2016-08-22,65.29166666666667,65.75
2016-08-23,66.04166666666667,61.25
2016-08-24,72.5,72.125
2016-08-25,73.08333333333333,73.375
2016-08-26,76.66666666666667,76.75
2016-08-27,74.08333333333333,74.125
2016-08-28,76.75,76.625
2016-08-29,75.25,75.625
2016-08-30,68.875,69.25
2016-08-31,69.91666666666667,69.71428571428571
2016-09-01,71.0,71.0
2016-09-02,67.29166666666667,67.625
2016-09-03,64.75,64.875
2016-09-04,67.08333333333333,66.28571428571429
2016-09-05,69.79166666666667,69.625
2016-09-06,72.25,72.125
2016-09-07,74.125,73.625
2016-09-08,74.79166666666667,74.625
2016-09-09,77.625,77.71428571428571
2016-09-10,77.29166666666667,76.875
2016-09-11,70.25,70.75
2016-09-12,62.666666666666664,60.857142857142854
2016-09-13,69.0,68.375
2016-09-14,68.72727272727273,69.0
2016-09-15,58.208333333333336,55.833333333333336
2016-09-16,60.916666666666664,60.5
2016-09-17,67.79166666666667,67.375
2016-09-18,70.91666666666667,70.75
2016-09-19,70.41666666666667,70.625
2016-09-20,71.375,71.57142857142857
2016-09-21,67.79166666666667,67.875
2016-09-22,68.29166666666667,66.14285714285714
2016-09-23,63.333333333333336,63.142857142857146
2016-09-24,55.333333333333336,55.5
2016-09-25,52.375,52.5
2016-09-26,56.083333333333336,55.5
2016-09-27,61.583333333333336,61.625
2016-09-28,57.583333333333336,57.875
2016-09-29,58.0,56.714285714285715
2016-09-30,57.125,57.125
2016-10-01,55.166666666666664,54.875
2016-10-02,58.791666666666664,58.75
2016-10-03,63.291666666666664,63.25
2016-10-04,60.791666666666664,61.0
2016-10-05,59.68421052631579,60.0
2016-10-06,56.208333333333336,56.25
2016-10-07,60.166666666666664,58.57142857142857
2016-10-08,59.833333333333336,59.875
2016-10-09,54.791666666666664,55.25
2016-10-10,48.666666666666664,48.875
2016-10-11,49.375,46.714285714285715
2016-10-12,60.733333333333334,61.0
2016-10-13,54.833333333333336,55.125
2016-10-14,44.625,44.857142857142854
2016-10-15,48.041666666666664,47.5
2016-10-16,58.291666666666664,57.875
2016-10-17,63.541666666666664,64.0
2016-10-18,77.375,71.25
2016-10-19,64.875,66.0
2016-10-20,52.416666666666664,52.125
2016-10-21,63.333333333333336,63.75
2016-10-22,44.0,44.25
2016-10-23,48.5,48.5
2016-10-24,47.0,47.375
2016-10-25,41.208333333333336,41.125
2016-10-26,38.583333333333336,38.625
2016-10-27,32.875,32.857142857142854
2016-10-28,40.041666666666664,40.0
2016-10-29,43.0,42.75
2016-10-30,52.541666666666664,53.285714285714285
2016-10-31,40.416666666666664,41.125
2016-11-01,42.875,41.75
2016-11-02,55.416666666666664,55.0
2016-11-03,53.791666666666664,54.142857142857146
2016-11-04,46.916666666666664,47.625
2016-11-05,45.625,43.285714285714285
2016-11-06,44.541666666666664,44.75
2016-11-07,39.083333333333336,39.5
2016-11-08,41.416666666666664,41.25
2016-11-09,44.458333333333336,44.42857142857143
2016-11-10,41.416666666666664,41.0
2016-11-11,44.416666666666664,44.75
2016-11-12,34.833333333333336,35.0
2016-11-13,41.916666666666664,41.875
2016-11-14,40.95652173913044,38.857142857142854
2016-11-15,41.291666666666664,41.0
2016-11-16,47.541666666666664,47.75
2016-11-17,45.541666666666664,45.375
2016-11-18,40.833333333333336,41.125
2016-11-19,45.5,45.625
2016-11-20,34.041666666666664,34.625
2016-11-21,30.916666666666668,31.0
2016-11-22,32.25,32.0
2016-11-23,31.0,31.125
2016-11-24,33.791666666666664,33.5
2016-11-25,39.208333333333336,39.125
2016-11-26,39.125,39.375
2016-11-27,36.375,36.75
2016-11-28,32.083333333333336,32.0
2016-11-29,46.875,45.625
2016-11-30,48.291666666666664,48.5
2016-12-01,44.708333333333336,44.625
2016-12-02,42.125,42.25
2016-12-03,37.583333333333336,37.625
2016-12-04,30.5,31.0
2016-12-05,34.625,33.875
2016-12-06,36.708333333333336,35.857142857142854
2016-12-07,34.583333333333336,34.5
2016-12-08,33.791666666666664,34.125
2016-12-09,27.5,28.25
2016-12-10,21.333333333333332,21.25
2016-12-11,23.958333333333332,23.375
2016-12-12,34.583333333333336,34.25
2016-12-13,35.291666666666664,34.833333333333336
2016-12-14,27.583333333333332,27.875
2016-12-15,18.25,19.0
2016-12-16,9.75,9.0
2016-12-17,26.416666666666668,25.875
2016-12-18,34.833333333333336,35.25
2016-12-19,15.708333333333334,16.375
2016-12-20,18.541666666666668,17.75
2016-12-21,28.5,28.0
2016-12-22,33.375,32.875
2016-12-23,36.75,37.375
2016-12-24,38.291666666666664,38.375
2016-12-25,34.541666666666664,35.25
2016-12-26,27.083333333333332,26.5
2016-12-27,41.25,41.75
2016-12-28,33.125,33.375
2016-12-29,30.75,30.875
2016-12-30,30.625,31.0
2016-12-31,29.833333333333332,29.0
2017-01-01,32.416666666666664,33.125
2017-01-02,28.166666666666668,28.0
2017-01-03,34.458333333333336,34.625
2017-01-04,35.375,35.75
2017-01-05,24.869565217391305,25.142857142857142
2017-01-06,21.208333333333332,21.714285714285715
2017-01-07,18.5,17.625
2017-01-08,21.333333333333332,21.75
2017-01-09,15.583333333333334,15.625
2017-01-10,26.208333333333332,25.5
2017-01-11,43.875,43.625
2017-01-12,49.416666666666664,49.625
2017-01-13,33.458333333333336,34.375
2017-01-14,20.916666666666668,20.875
2017-01-15,26.875,27.0
2017-01-16,25.583333333333332,25.5
2017-01-17,28.291666666666668,26.857142857142858
2017-01-18,34.73913043478261,34.857142857142854
2017-01-19,37.708333333333336,37.75
2017-01-20,37.25,37.25
2017-01-21,42.291666666666664,42.125
2017-01-22,39.666666666666664,39.875
2017-01-23,36.5,36.75
2017-01-24,33.333333333333336,33.25
2017-01-25,34.958333333333336,35.0
2017-01-26,39.52173913043478,39.57142857142857
2017-01-27,36.95652173913044,37.833333333333336
2017-01-28,33.958333333333336,34.0
2017-01-29,32.833333333333336,32.875
2017-01-30,24.541666666666668,25.0
2017-01-31,20.833333333333332,20.375
2017-02-01,31.291666666666668,31.25
2017-02-02,26.875,26.875
2017-02-03,24.166666666666668,24.375
2017-02-04,22.708333333333332,22.75
2017-02-05,31.5,31.0
2017-02-06,29.541666666666668,29.625
2017-02-07,30.833333333333332,30.625
2017-02-08,37.208333333333336,37.5
2017-02-09,18.625,19.375
2017-02-10,16.916666666666668,16.625
2017-02-11,28.583333333333332,28.375
2017-02-12,25.833333333333332,25.5
2017-02-13,26.916666666666668,26.571428571428573
2017-02-14,29.125,28.125
2017-02-15,35.291666666666664,35.5
2017-02-16,27.416666666666668,27.875
2017-02-17,27.125,27.142857142857142
2017-02-18,36.708333333333336,35.125
2017-02-19,45.333333333333336,46.25
2017-02-20,36.583333333333336,37.0
2017-02-21,33.833333333333336,33.25
2017-02-22,46.458333333333336,44.42857142857143
2017-02-23,54.041666666666664,53.5
2017-02-24,58.125,57.5
2017-02-25,56.333333333333336,59.42857142857143
2017-02-26,32.416666666666664,32.875
2017-02-27,39.791666666666664,39.0
2017-02-28,48.375,47.625
2017-03-01,58.75,58.875
2017-03-02,33.375,34.625
2017-03-03,24.166666666666668,24.125
2017-03-04,14.916666666666666,14.875
2017-03-05,17.416666666666668,15.428571428571429
2017-03-06,30.25,29.125
2017-03-07,42.375,41.875
2017-03-08,48.375,48.625
2017-03-09,39.041666666666664,39.75
2017-03-10,28.958333333333332,29.5
2017-03-11,13.875,13.875
2017-03-12,15.125,15.0
2017-03-13,20.666666666666668,19.142857142857142
2017-03-14,21.25,21.25
2017-03-15,19.833333333333332,19.5
2017-03-16,25.25,25.125
2017-03-17,30.166666666666668,29.625
2017-03-18,30.166666666666668,27.714285714285715
2017-03-19,36.333333333333336,36.714285714285715
2017-03-20,36.208333333333336,35.0
2017-03-21,40.625,41.57142857142857
2017-03-22,25.708333333333332,26.25
2017-03-23,25.625,25.125
2017-03-24,36.208333333333336,35.5
2017-03-25,36.5,36.625
2017-03-26,33.75,33.5
2017-03-27,40.583333333333336,40.375
2017-03-28,44.5,44.375
2017-03-29,41.041666666666664,41.5
2017-03-30,38.666666666666664,38.875
2017-03-31,35.333333333333336,35.5
2017-04-01,38.0,38.125
2017-04-02,46.63157894736842,46.0
2017-04-03,48.375,47.714285714285715
2017-04-04,45.666666666666664,46.0
2017-04-05,45.875,45.75
2017-04-06,43.25,43.42857142857143
2017-04-07,42.041666666666664,42.625
2017-04-08,41.208333333333336,41.375
2017-04-09,51.333333333333336,50.285714285714285
2017-04-10,66.29166666666667,66.125
2017-04-11,69.70833333333333,68.14285714285714
2017-04-12,54.25,54.875
2017-04-13,48.875,49.0
2017-04-14,49.375,46.833333333333336
2017-04-15,55.083333333333336,54.75
2017-04-16,68.5,69.125
2017-04-17,57.333333333333336,57.125
2017-04-18,48.958333333333336,48.42857142857143
2017-04-19,47.583333333333336,47.25
2017-04-20,54.25,53.4
2017-04-21,52.125,52.5
2017-04-22,49.833333333333336,50.0
2017-04-23,53.416666666666664,53.25
2017-04-24,56.708333333333336,55.857142857142854
2017-04-25,49.791666666666664,49.875
2017-04-26,59.125,57.857142857142854
2017-04-27,64.91666666666667,65.28571428571429
2017-04-28,67.66666666666667,67.875
2017-04-29,63.166666666666664,64.125
2017-04-30,47.583333333333336,47.5
2017-05-01,60.5,60.0
2017-05-02,57.083333333333336,57.285714285714285
2017-05-03,50.875,51.0
2017-05-04,53.166666666666664,53.0
2017-05-05,49.416666666666664,49.5
2017-05-06,59.333333333333336,59.5
2017-05-07,47.75,47.166666666666664
2017-05-08,42.875,43.25
2017-05-09,45.125,44.625
2017-05-10,48.0,47.875
2017-05-11,55.125,54.75
2017-05-12,57.958333333333336,56.857142857142854
2017-05-13,51.791666666666664,52.0
2017-05-14,50.583333333333336,49.875
2017-05-15,58.041666666666664,58.0
2017-05-16,64.20833333333333,63.25
2017-05-17,74.0,75.42857142857143
2017-05-18,79.0,79.625
2017-05-19,67.91666666666667,67.0
2017-05-20,57.5,57.875
2017-05-21,58.208333333333336,58.0
2017-05-22,55.916666666666664,56.142857142857146
2017-05-23,60.5,58.857142857142854
2017-05-24,64.70833333333333,64.625
2017-05-25,58.208333333333336,58.375
2017-05-26,56.25,56.25
2017-05-27,62.041666666666664,60.42857142857143
2017-05-28,66.58333333333333,66.875
2017-05-29,56.708333333333336,56.42857142857143
2017-05-30,57.5,57.375
2017-05-31,61.375,60.625
2017-06-01,62.416666666666664,62.125
2017-06-02,57.291666666666664,57.125
2017-06-03,61.095238095238095,63.166666666666664
2017-06-04,57.125,56.625
2017-06-05,58.875,59.142857142857146
2017-06-06,52.75,53.125
2017-06-07,60.958333333333336,60.875
2017-06-08,66.41666666666667,66.0
2017-06-09,67.25,67.0
2017-06-10,70.91666666666667,68.16666666666667
2017-06-11,79.08333333333333,79.125
2017-06-12,80.875,80.625
2017-06-13,77.95833333333333,78.0
2017-06-14,68.29166666666667,68.5
2017-06-15,66.75,66.625
2017-06-16,63.125,63.25
2017-06-17,71.375,71.125
2017-06-18,79.16666666666667,79.125
2017-06-19,72.95833333333333,73.375
2017-06-20,71.41666666666667,71.625
2017-06-21,69.0,69.5
2017-06-22,76.64285714285714,69.85714285714286
2017-06-23,77.70833333333333,77.875
2017-06-24,73.95833333333333,74.57142857142857
2017-06-25,67.41666666666667,67.375
2017-06-26,63.041666666666664,62.42857142857143
2017-06-27,60.291666666666664,59.714285714285715
2017-06-28,65.25,64.42857142857143
2017-06-29,70.54166666666667,70.375
2017-06-30,75.28571428571429,76.8
2017-07-01,75.45833333333333,75.375
2017-07-02,74.08333333333333,74.125
2017-07-03,71.66666666666667,72.0
2017-07-04,69.79166666666667,69.75
2017-07-05,73.08333333333333,72.5
2017-07-06,73.25,73.25
2017-07-07,71.25,71.75
2017-07-08,69.83333333333333,70.25
2017-07-09,70.25,70.0
2017-07-10,73.83333333333333,73.5
2017-07-11,75.41666666666667,75.57142857142857
2017-07-12,75.20833333333333,74.42857142857143
2017-07-13,67.58333333333333,67.625
2017-07-14,66.04166666666667,65.875
2017-07-15,71.91666666666667,71.875
2017-07-16,73.58333333333333,73.25
2017-07-17,72.625,73.125
2017-07-18,74.20833333333333,74.125
2017-07-19,77.70833333333333,77.75
2017-07-20,76.08333333333333,76.0
2017-07-21,75.83333333333333,74.42857142857143
2017-07-22,72.33333333333333,72.125
2017-07-23,72.375,72.5
2017-07-24,62.625,63.375
2017-07-25,61.625,61.857142857142854
2017-07-26,67.625,67.75
2017-07-27,66.875,67.125
2017-07-28,69.625,68.85714285714286
2017-07-29,66.16666666666667,66.75
2017-07-30,67.20833333333333,64.85714285714286
2017-07-31,72.70833333333333,70.0
2017-08-01,75.125,75.125
2017-08-02,72.54166666666667,72.625
2017-08-03,74.75,74.5
2017-08-04,75.70833333333333,75.75
2017-08-05,70.79166666666667,71.75
2017-08-06,66.29166666666667,66.5
2017-08-07,64.375,64.42857142857143
2017-08-08,68.375,65.33333333333333
2017-08-09,69.375,68.875
2017-08-10,73.83333333333333,73.25
2017-08-11,71.91666666666667,71.875
2017-08-12,69.54166666666667,69.5
2017-08-13,71.54166666666667,71.375
2017-08-14,68.5,68.5
2017-08-15,70.8695652173913,69.0
2017-08-16,71.25,71.625
2017-08-17,68.16666666666667,69.42857142857143
2017-08-18,73.75,73.75
2017-08-19,74.04166666666667,74.25
2017-08-20,71.33333333333333,70.85714285714286
2017-08-21,73.45833333333333,73.375
2017-08-22,77.5,78.5
2017-08-23,69.58333333333333,69.625
2017-08-24,65.83333333333333,66.125
2017-08-25,64.625,64.75
2017-08-26,61.041666666666664,60.625
2017-08-27,62.083333333333336,59.166666666666664
2017-08-28,69.18181818181819,62.666666666666664
2017-08-29,59.083333333333336,59.125
2017-08-30,64.41666666666667,63.0
2017-08-31,62.125,62.625
2017-09-01,55.458333333333336,55.5
2017-09-02,56.666666666666664,54.714285714285715
2017-09-03,53.916666666666664,54.125
2017-09-04,68.16666666666667,67.125
2017-09-05,69.04166666666667,69.625
2017-09-06,60.5,60.625
2017-09-07,59.26086956521739,59.285714285714285
2017-09-08,56.916666666666664,56.75
2017-09-09,56.875,55.857142857142854
2017-09-10,58.916666666666664,58.75
2017-09-11,59.333333333333336,57.285714285714285
2017-09-12,62.75,62.75
2017-09-13,66.375,65.875
2017-09-14,71.625,71.875
2017-09-15,71.54166666666667,71.25
2017-09-16,71.79166666666667,70.28571428571429
2017-09-17,70.79166666666667,71.0
2017-09-18,70.16666666666667,70.375
2017-09-19,69.33333333333333,69.375
2017-09-20,70.20833333333333,70.125
2017-09-21,70.04166666666667,70.25
2017-09-22,67.0,66.75
2017-09-23,68.375,67.57142857142857
2017-09-24,73.875,73.625
2017-09-25,76.33333333333333,76.5
2017-09-26,75.79166666666667,75.75
2017-09-27,77.08333333333333,76.71428571428571
2017-09-28,64.375,65.25
2017-09-29,55.75,55.875
2017-09-30,50.083333333333336,50.625
2017-10-01,50.541666666666664,49.857142857142854
2017-10-02,52.875,50.42857142857143
2017-10-03,57.583333333333336,57.125
2017-10-04,63.333333333333336,62.625
2017-10-05,64.95833333333333,65.0
2017-10-06,59.291666666666664,58.5
2017-10-07,67.16666666666667,66.875
2017-10-08,70.0,69.57142857142857
2017-10-09,68.625,68.875
2017-10-10,66.5,67.0
2017-10-11,55.875,56.25
2017-10-12,52.291666666666664,52.75
2017-10-13,53.0,52.25
2017-10-14,61.041666666666664,61.125
2017-10-15,65.91666666666667,65.875
2017-10-16,49.208333333333336,50.125
2017-10-17,45.375,44.875
2017-10-18,54.875,54.25
2017-10-19,59.083333333333336,58.875
2017-10-20,58.875,59.375
2017-10-21,54.875,54.75
2017-10-22,57.625,57.25
2017-10-23,62.625,61.5
2017-10-24,69.70833333333333,70.375
2017-10-25,58.833333333333336,59.125
2017-10-26,50.375,50.25
2017-10-27,52.041666666666664,52.0
2017-10-28,55.75,55.375
2017-10-29,61.125,60.666666666666664
2017-10-30,50.63636363636363,50.714285714285715
2017-10-31,47.25,47.125
2017-11-01,43.208333333333336,42.625
2017-11-02,60.0,60.0
2017-11-03,56.416666666666664,57.125
2017-11-04,42.458333333333336,42.25
2017-11-05,50.625,50.125
2017-11-06,53.916666666666664,54.5
2017-11-07,39.041666666666664,39.5
2017-11-08,34.291666666666664,34.25
2017-11-09,37.375,36.5
2017-11-10,28.875,29.875
2017-11-11,24.333333333333332,23.0
2017-11-12,31.916666666666668,31.75
2017-11-13,35.666666666666664,35.75
2017-11-14,36.208333333333336,36.125
2017-11-15,40.125,39.0
2017-11-16,44.291666666666664,44.125
2017-11-17,34.458333333333336,34.875
2017-11-18,34.75,34.42857142857143
2017-11-19,41.09090909090909,41.875
2017-11-20,34.625,34.375
2017-11-21,44.708333333333336,44.125
2017-11-22,40.208333333333336,40.75
2017-11-23,32.458333333333336,32.125
2017-11-24,39.416666666666664,39.25
2017-11-25,45.541666666666664,45.125
2017-11-26,37.57142857142857,37.6
2017-11-27,34.125,34.5
2017-11-28,33.708333333333336,33.125
2017-11-29,44.166666666666664,45.0
2017-11-30,35.333333333333336,34.75
2017-12-01,41.0,41.375
2017-12-02,33.25,32.714285714285715
2017-12-03,34.625,34.75
2017-12-04,31.5,31.25
2017-12-05,49.041666666666664,48.25
2017-12-06,38.958333333333336,38.285714285714285
2017-12-07,35.333333333333336,35.5
2017-12-08,30.833333333333332,30.5
2017-12-09,29.166666666666668,29.375
2017-12-10,28.958333333333332,28.375
2017-12-11,30.791666666666668,31.0
2017-12-12,31.083333333333332,31.375
2017-12-13,19.125,19.125
2017-12-14,18.208333333333332,18.375
2017-12-15,16.791666666666668,15.428571428571429
2017-12-16,21.833333333333332,22.25
2017-12-17,18.625,18.75
2017-12-18,28.166666666666668,27.625
2017-12-19,42.375,42.25
2017-12-20,34.916666666666664,34.75
2017-12-21,26.75,26.875
2017-12-22,21.083333333333332,21.125
2017-12-23,32.291666666666664,32.125
2017-12-24,31.708333333333332,32.125
2017-12-25,26.625,26.75
2017-12-26,17.291666666666668,17.625
2017-12-27,8.916666666666666,9.625
2017-12-28,2.5416666666666665,2.75
2017-12-29,5.333333333333333,4.285714285714286
2017-12-30,5.708333333333333,5.75
2017-12-31,2.4166666666666665,2.625
2018-01-01,0.20833333333333334,0.125
2018-01-02,10.208333333333334,9.625
2018-01-03,15.875,15.25
2018-01-04,18.166666666666668,18.5
2018-01-05,5.416666666666667,5.75
2018-01-06,1.9166666666666667,2.25
2018-01-07,4.625,4.0
2018-01-08,22.708333333333332,22.5
2018-01-09,32.0,32.125
2018-01-10,27.458333333333332,27.25
2018-01-11,44.541666666666664,43.75
2018-01-12,55.125,55.125
2018-01-13,20.166666666666668,21.75
2018-01-14,8.333333333333334,8.5
2018-01-15,12.291666666666666,12.125
2018-01-16,23.541666666666668,22.875
2018-01-17,22.125,22.5
2018-01-18,15.833333333333334,15.125
2018-01-19,22.875,22.5
2018-01-20,36.291666666666664,37.285714285714285
2018-01-21,36.416666666666664,36.25
2018-01-22,34.416666666666664,34.125
2018-01-23,41.291666666666664,41.5
2018-01-24,27.130434782608695,27.857142857142858
2018-01-25,19.416666666666668,19.375
2018-01-26,22.875,22.0
2018-01-27,39.75,39.0
2018-01-28,42.25,42.25
2018-01-29,30.875,30.428571428571427
2018-01-30,23.041666666666668,23.25
2018-01-31,23.25,22.5
2018-02-01,33.875,33.625
2018-02-02,18.333333333333332,19.25
2018-02-03,19.041666666666668,18.125
2018-02-04,30.708333333333332,30.5
2018-02-05,23.166666666666668,23.875
2018-02-06,22.458333333333332,22.0
2018-02-07,20.291666666666668,19.875
2018-02-08,20.5,20.5
2018-02-09,18.875,18.875
2018-02-10,37.875,37.625
2018-02-11,31.416666666666668,31.5
2018-02-12,31.208333333333332,32.125
2018-02-13,23.166666666666668,23.0
2018-02-14,35.916666666666664,35.75
2018-02-15,43.833333333333336,43.375
2018-02-16,39.875,40.75
2018-02-17,30.0,29.857142857142858
2018-02-18,31.583333333333332,32.0
2018-02-19,37.208333333333336,36.375
2018-02-20,52.833333333333336,52.25
2018-02-21,55.25,56.0
2018-02-22,31.708333333333332,32.125
2018-02-23,29.75,29.0
2018-02-24,39.916666666666664,40.25
2018-02-25,38.083333333333336,37.875
2018-02-26,41.208333333333336,41.5
2018-02-27,40.958333333333336,40.625
2018-02-28,47.916666666666664,47.25
2018-03-01,44.375,44.875
2018-03-02,33.375,33.375
2018-03-03,36.25,36.0
2018-03-04,34.625,34.875
2018-03-05,34.458333333333336,34.375
2018-03-06,35.208333333333336,35.125
2018-03-07,32.125,32.5
2018-03-08,32.333333333333336,32.375
2018-03-09,31.625,31.375
2018-03-10,32.708333333333336,32.875
2018-03-11,31.958333333333332,31.75
2018-03-12,34.333333333333336,34.125
2018-03-13,32.125,32.375
2018-03-14,32.083333333333336,32.0
2018-03-15,33.666666666666664,33.75
2018-03-16,27.75,28.0
2018-03-17,27.291666666666668,27.75
2018-03-18,21.916666666666668,21.75
2018-03-19,25.666666666666668,25.75
2018-03-20,27.0,26.75
2018-03-21,30.25,30.0
2018-03-22,35.958333333333336,36.0
2018-03-23,36.541666666666664,36.375
2018-03-24,35.583333333333336,35.875
2018-03-25,34.75,34.75
2018-03-26,37.0,36.5
2018-03-27,39.666666666666664,39.125
2018-03-28,41.25,40.75
2018-03-29,44.916666666666664,43.5
2018-03-30,45.625,46.125
2018-03-31,44.833333333333336,44.42857142857143
2018-04-01,40.0,40.875
2018-04-02,36.375,35.875
2018-04-03,38.041666666666664,37.857142857142854
2018-04-04,42.083333333333336,42.75
2018-04-05,30.583333333333332,30.875
2018-04-06,32.791666666666664,32.25
2018-04-07,32.75,33.125
2018-04-08,30.166666666666668,30.125
2018-04-09,34.041666666666664,33.75
2018-04-10,36.291666666666664,36.375
2018-04-11,38.59090909090909,36.6
2018-04-12,45.833333333333336,45.75
2018-04-13,51.125,52.0
2018-04-14,39.041666666666664,39.875
2018-04-15,31.958333333333332,31.625
2018-04-16,39.666666666666664,39.125
2018-04-17,38.916666666666664,39.5
2018-04-18,40.166666666666664,40.0
2018-04-19,38.583333333333336,39.25
2018-04-20,38.416666666666664,39.285714285714285
2018-04-21,46.625,46.375
2018-04-22,48.791666666666664,49.0
2018-04-23,53.166666666666664,52.875
2018-04-24,58.375,58.25
2018-04-25,53.125,53.0
2018-04-26,50.583333333333336,51.25
2018-04-27,46.666666666666664,46.125
2018-04-28,54.958333333333336,55.5
2018-04-29,42.458333333333336,42.625
2018-04-30,44.125,44.0
2018-05-01,58.25,57.75
2018-05-02,72.5,71.0
2018-05-03,73.66666666666667,74.0
2018-05-04,70.58333333333333,71.375
2018-05-05,63.375,63.125
2018-05-06,60.083333333333336,60.375
2018-05-07,58.916666666666664,57.833333333333336
2018-05-08,62.208333333333336,59.166666666666664
2018-05-09,69.45833333333333,69.16666666666667
2018-05-10,63.916666666666664,64.28571428571429
2018-05-11,57.333333333333336,57.5
2018-05-12,48.833333333333336,48.75
2018-05-13,56.208333333333336,56.125
2018-05-14,64.54166666666667,63.0
2018-05-15,65.41666666666667,64.75
2018-05-16,61.166666666666664,61.285714285714285
2018-05-17,67.41666666666667,67.75
2018-05-18,61.75,61.875
2018-05-19,53.958333333333336,53.75
2018-05-20,64.20833333333333,64.5
2018-05-21,64.5,62.714285714285715
2018-05-22,59.291666666666664,59.0
2018-05-23,68.08333333333333,68.125
2018-05-24,67.5,67.5
2018-05-25,71.5,71.0
2018-05-26,74.33333333333333,74.0
2018-05-27,61.625,61.57142857142857
2018-05-28,62.541666666666664,62.25
2018-05-29,73.45833333333333,73.25
2018-05-30,73.91666666666667,73.42857142857143
2018-05-31,70.33333333333333,70.375
2018-06-01,74.83333333333333,74.28571428571429
2018-06-02,70.16666666666667,70.5
2018-06-03,67.0,66.16666666666667
2018-06-04,56.458333333333336,57.714285714285715
2018-06-05,56.666666666666664,57.25
2018-06-06,60.208333333333336,60.0
2018-06-07,64.375,64.625
2018-06-08,68.79166666666667,67.42857142857143
2018-06-09,68.25,68.875
2018-06-10,66.25,66.375
2018-06-11,66.375,66.375
2018-06-12,69.625,69.5
2018-06-13,67.70833333333333,67.375
2018-06-14,65.25,65.5
2018-06-15,63.333333333333336,63.875
2018-06-16,69.5,67.0
2018-06-17,74.83333333333333,72.42857142857143
2018-06-18,79.41666666666667,79.375
2018-06-19,74.16666666666667,74.5
2018-06-20,67.125,66.71428571428571
2018-06-21,68.375,68.25
2018-06-22,68.5,66.85714285714286
2018-06-23,62.541666666666664,62.857142857142854
2018-06-24,67.45833333333333,66.875
2018-06-25,67.83333333333333,68.25
2018-06-26,67.16666666666667,66.875
2018-06-27,66.83333333333333,67.0
2018-06-28,73.33333333333333,73.625
2018-06-29,77.91666666666667,78.125
2018-06-30,80.58333333333333,80.25
2018-07-01,86.54166666666667,85.14285714285714
2018-07-02,86.54545454545455,87.33333333333333
2018-07-03,84.04545454545455,86.5
2018-07-04,83.91666666666667,81.85714285714286
2018-07-05,81.29166666666667,81.0
2018-07-06,75.875,76.375
2018-07-07,67.58333333333333,67.75
2018-07-08,72.66666666666667,70.57142857142857
2018-07-09,77.0,76.42857142857143
2018-07-10,76.70833333333333,76.42857142857143
2018-07-11,73.75,73.71428571428571
2018-07-12,73.16666666666667,69.5
2018-07-13,76.33333333333333,74.71428571428571
2018-07-14,78.29166666666667,77.57142857142857
2018-07-15,81.33333333333333,81.85714285714286
2018-07-16,81.875,80.14285714285714
2018-07-17,75.0,75.875
2018-07-18,71.70833333333333,72.0
2018-07-19,69.875,66.5
2018-07-20,74.54166666666667,74.375
2018-07-21,74.41666666666667,75.14285714285714
2018-07-22,75.41666666666667,75.625
2018-07-23,77.54166666666667,77.5
2018-07-24,81.45833333333333,81.875
2018-07-25,77.125,77.0
2018-07-26,76.16666666666667,76.25
2018-07-27,74.71428571428571,73.2
2018-07-28,72.95833333333333,72.71428571428571
2018-07-29,71.625,72.0
2018-07-30,71.83333333333333,71.625
2018-07-31,76.16666666666667,76.375
2018-08-01,74.20833333333333,74.28571428571429
2018-08-02,78.125,78.25
2018-08-03,73.625,74.0
2018-08-04,74.58333333333333,74.85714285714286
2018-08-05,77.25,76.875
2018-08-06,81.04166666666667,80.875
2018-08-07,77.5,76.16666666666667
2018-08-08,76.08333333333333,76.25
2018-08-09,76.375,77.0
2018-08-10,73.41666666666667,72.71428571428571
2018-08-11,68.625,68.75
2018-08-12,72.66666666666667,72.875
2018-08-13,72.79166666666667,72.75
2018-08-14,75.875,75.625
2018-08-15,77.83333333333333,77.875
2018-08-16,78.66666666666667,78.75
2018-08-17,75.125,74.625
2018-08-18,72.33333333333333,72.25
2018-08-19,72.83333333333333,72.75
2018-08-20,70.54166666666667,71.125
2018-08-21,72.58333333333333,74.5
2018-08-22,72.375,72.5
2018-08-23,68.29166666666667,68.5
2018-08-24,70.875,70.5
2018-08-25,71.95833333333333,72.25
2018-08-26,73.58333333333333,72.14285714285714
2018-08-27,78.25,78.0
2018-08-28,84.20833333333333,83.875
2018-08-29,83.375,83.625
2018-08-30,72.875,72.28571428571429
2018-08-31,66.75,66.5
2018-09-01,71.125,70.75
2018-09-02,74.375,74.0
2018-09-03,80.08333333333333,78.71428571428571
2018-09-04,78.70833333333333,78.625
2018-09-05,79.875,79.625
2018-09-06,78.95833333333333,77.71428571428571
2018-09-07,68.79166666666667,68.14285714285714
2018-09-08,59.625,60.125
2018-09-09,55.333333333333336,54.285714285714285
2018-09-10,56.208333333333336,56.125
2018-09-11,63.869565217391305,62.714285714285715
2018-09-12,69.54166666666667,69.375
2018-09-13,73.52173913043478,73.85714285714286
2018-09-14,71.625,70.85714285714286
2018-09-15,72.04545454545455,69.0
2018-09-16,74.0909090909091,71.0
2018-09-17,74.11764705882354,
2018-09-18,74.36363636363636,75.16666666666667
2018-09-19,67.18181818181819,68.16666666666667
2018-09-20,65.0,66.0
2018-09-21,67.83333333333333,67.75
2018-09-22,62.041666666666664,62.75
2018-09-23,55.666666666666664,55.625
2018-09-24,54.208333333333336,54.142857142857146
2018-09-25,55.666666666666664,55.375
2018-09-26,70.54166666666667,70.875
2018-09-27,59.708333333333336,59.875
2018-09-28,57.083333333333336,57.57142857142857
2018-09-29,57.5,58.25
2018-09-30,55.75,55.5
2018-10-01,55.291666666666664,55.75
2018-10-02,60.125,59.625
2018-10-03,59.833333333333336,60.375
2018-10-04,62.541666666666664,62.25
2018-10-05,53.333333333333336,52.857142857142854
2018-10-06,57.333333333333336,56.75
2018-10-07,61.0,61.5
2018-10-08,55.958333333333336,55.75
2018-10-09,70.625,70.25
2018-10-10,73.66666666666667,73.5
2018-10-11,69.79166666666667,70.42857142857143
2018-10-12,53.708333333333336,54.375
2018-10-13,47.125,47.125
2018-10-14,49.125,47.666666666666664
2018-10-15,52.416666666666664,52.375
2018-10-16,46.291666666666664,46.625
2018-10-17,45.291666666666664,44.75
2018-10-18,38.208333333333336,38.5
2018-10-19,46.958333333333336,46.0
2018-10-20,53.375,54.0
2018-10-21,41.666666666666664,42.25
2018-10-22,42.958333333333336,42.285714285714285
2018-10-23,47.708333333333336,47.857142857142854
2018-10-24,44.291666666666664,44.285714285714285
2018-10-25,38.916666666666664,39.25
2018-10-26,37.458333333333336,37.75
2018-10-27,40.291666666666664,39.875
2018-10-28,45.0,44.75
2018-10-29,46.791666666666664,47.0
2018-10-30,41.291666666666664,41.5
2018-10-31,47.291666666666664,46.25
2018-11-01,52.208333333333336,52.5
2018-11-02,58.166666666666664,57.875
2018-11-03,48.958333333333336,49.75
2018-11-04,43.083333333333336,43.25
2018-11-05,42.958333333333336,42.5
2018-11-06,49.208333333333336,49.0
2018-11-07,50.416666666666664,50.625
2018-11-08,41.958333333333336,42.375
2018-11-09,36.166666666666664,35.5
2018-11-10,38.458333333333336,38.75
2018-11-11,34.416666666666664,34.625
2018-11-12,39.791666666666664,39.125
2018-11-13,36.75,37.285714285714285
2018-11-14,28.541666666666668,28.875
2018-11-15,24.75,24.5
2018-11-16,33.0,32.625
2018-11-17,39.541666666666664,39.5
2018-11-18,32.5,32.625
2018-11-19,35.291666666666664,35.375
2018-11-20,35.0,35.25
2018-11-21,29.958333333333332,30.5
2018-11-22,12.958333333333334,13.5
2018-11-23,18.25,17.5
2018-11-24,31.958333333333332,31.875
2018-11-25,37.791666666666664,37.625
2018-11-26,39.125,38.75
2018-11-27,36.083333333333336,36.125
2018-11-28,36.625,36.625
2018-11-29,37.708333333333336,37.875
2018-11-30,35.916666666666664,36.25
2018-12-01,34.833333333333336,34.875
2018-12-02,38.75,38.714285714285715
2018-12-03,43.5,44.25
2018-12-04,30.208333333333332,30.75
2018-12-05,25.666666666666668,26.25
2018-12-06,30.041666666666668,29.857142857142858
2018-12-07,28.125,28.625
2018-12-08,22.291666666666668,22.125
2018-12-09,27.083333333333332,26.5
2018-12-10,30.166666666666668,30.75
2018-12-11,23.666666666666668,23.375
2018-12-12,29.458333333333332,30.0
2018-12-13,23.916666666666668,22.857142857142858
2018-12-14,39.0,38.375
2018-12-15,41.958333333333336,42.75
2018-12-16,33.5,33.5
2018-12-17,36.125,36.625
2018-12-18,23.041666666666668,23.625
2018-12-19,26.458333333333332,26.142857142857142
2018-12-20,32.875,32.125
2018-12-21,51.833333333333336,51.5
2018-12-22,39.875,41.0
2018-12-23,32.833333333333336,32.875
2018-12-24,34.416666666666664,34.25
2018-12-25,30.583333333333332,31.125
2018-12-26,28.875,28.375
2018-12-27,29.708333333333332,29.571428571428573
2018-12-28,43.916666666666664,43.25
2018-12-29,39.625,40.75
2018-12-30,28.333333333333332,28.125
2018-12-31,36.375,36.125
2019-01-01,39.31818181818182,39.142857142857146
2019-01-02,27.291666666666668,26.714285714285715
2019-01-03,35.625,35.625
2019-01-04,36.75,37.0
2019-01-05,35.541666666666664,36.0
2019-01-06,34.041666666666664,34.75
2019-01-07,20.291666666666668,19.857142857142858
2019-01-08,35.375,35.0
2019-01-09,36.875,37.125
2019-01-10,27.958333333333332,28.125
2019-01-11,15.916666666666666,16.375
2019-01-12,18.458333333333332,18.5
2019-01-13,15.125,15.375
2019-01-14,16.5,16.25
2019-01-15,23.875,23.25
2019-01-16,31.0,31.375
2019-01-17,17.875,17.75
2019-01-18,29.416666666666668,29.125
2019-01-19,17.666666666666668,18.875
2019-01-20,10.583333333333334,11.125
2019-01-21,-0.6666666666666666,-0.75
2019-01-22,10.125,10.0
2019-01-23,29.333333333333332,28.375
2019-01-24,40.041666666666664,40.375
2019-01-25,29.041666666666668,29.285714285714285
2019-01-26,21.291666666666668,21.75
2019-01-27,25.625,25.75
2019-01-28,15.625,15.75
2019-01-29,19.0,18.5
2019-01-30,15.458333333333334,16.0
2019-01-31,4.666666666666667,4.625
2019-02-01,5.125,5.125
2019-02-02,15.041666666666666,13.5
2019-02-03,37.416666666666664,37.0
2019-02-04,46.375,46.625
2019-02-05,44.708333333333336,45.5
2019-02-06,31.958333333333332,31.75
2019-02-07,40.875,39.857142857142854
2019-02-08,37.041666666666664,37.625
2019-02-09,24.5,24.625
2019-02-10,25.791666666666668,25.75
2019-02-11,26.291666666666668,26.714285714285715
2019-02-12,16.958333333333332,17.0
2019-02-13,29.583333333333332,29.375
2019-02-14,30.125,30.25
2019-02-15,40.625,39.5
2019-02-16,29.333333333333332,29.625
2019-02-17,23.708333333333332,23.75
2019-02-18,20.291666666666668,20.5
2019-02-19,15.916666666666666,16.125
2019-02-20,20.666666666666668,20.0
2019-02-21,37.125,36.625
2019-02-22,34.666666666666664,34.875
2019-02-23,30.375,29.875
2019-02-24,37.5,37.625
2019-02-25,30.5,31.428571428571427
2019-02-26,20.291666666666668,20.625
2019-02-27,11.208333333333334,11.142857142857142
2019-02-28,17.041666666666668,17.5
2019-03-01,25.333333333333332,24.75
2019-03-02,31.791666666666668,31.625
2019-03-03,33.75,34.125
2019-03-04,27.5,28.125
2019-03-05,19.25,19.0
2019-03-06,16.333333333333332,16.25
2019-03-07,15.666666666666666,16.125
2019-03-08,21.875,21.375
2019-03-09,28.666666666666668,26.571428571428573
2019-03-10,35.458333333333336,34.875
2019-03-11,38.75,38.875
2019-03-12,33.458333333333336,33.5
2019-03-13,35.391304347826086,36.666666666666664
2019-03-14,48.625,48.0
2019-03-15,56.65217391304348,58.142857142857146
2019-03-16,38.0,38.142857142857146
2019-03-17,30.958333333333332,31.125
2019-03-18,33.583333333333336,33.875
2019-03-19,34.208333333333336,34.0
2019-03-20,42.833333333333336,42.25
2019-03-21,42.125,42.5
2019-03-22,37.208333333333336,37.625
2019-03-23,31.608695652173914,31.625
2019-03-24,41.791666666666664,41.625
2019-03-25,37.5,37.875
2019-03-26,33.5,33.42857142857143
2019-03-27,37.333333333333336,35.57142857142857
2019-03-28,44.666666666666664,44.25
2019-03-29,47.625,47.5
2019-03-30,56.125,56.0
2019-03-31,46.416666666666664,47.57142857142857
2019-04-01,34.458333333333336,34.875
2019-04-02,40.125,39.875
2019-04-03,45.083333333333336,44.875
2019-04-04,39.083333333333336,39.5
2019-04-05,33.666666666666664,32.285714285714285
2019-04-06,44.875,43.166666666666664
2019-04-07,54.0,51.285714285714285
2019-04-08,53.541666666666664,54.25
2019-04-09,49.5,51.0
2019-04-10,41.625,42.25
2019-04-11,41.541666666666664,40.0
2019-04-12,51.666666666666664,51.375
2019-04-13,63.625,62.57142857142857
2019-04-14,51.333333333333336,51.75
2019-04-15,48.833333333333336,48.375
2019-04-16,46.791666666666664,46.625
2019-04-17,49.875,48.166666666666664
2019-04-18,52.375,52.0
2019-04-19,67.16666666666667,66.125
2019-04-20,66.79166666666667,66.875
2019-04-21,61.291666666666664,61.5
2019-04-22,61.583333333333336,61.375
2019-04-23,62.916666666666664,63.142857142857146
2019-04-24,50.25,51.125
2019-04-25,54.791666666666664,54.285714285714285
2019-04-26,54.958333333333336,55.5
2019-04-27,49.0,44.5
2019-04-28,46.10526315789474,45.75
2019-04-29,48.208333333333336,47.142857142857146
2019-04-30,45.791666666666664,46.0
2019-05-01,49.125,48.875
2019-05-02,55.083333333333336,55.25
2019-05-03,54.833333333333336,54.5
2019-05-04,58.458333333333336,57.857142857142854
2019-05-05,55.458333333333336,55.5
2019-05-06,63.0,62.0
2019-05-07,57.166666666666664,57.75
2019-05-08,53.958333333333336,54.25
2019-05-09,54.166666666666664,53.57142857142857
2019-05-10,57.416666666666664,57.625
2019-05-11,55.208333333333336,55.25
2019-05-12,45.666666666666664,46.142857142857146
2019-05-13,46.375,46.142857142857146
2019-05-14,44.291666666666664,44.125
2019-05-15,53.583333333333336,53.5
2019-05-16,58.958333333333336,58.5
2019-05-17,59.208333333333336,59.125
2019-05-18,61.0,62.0
2019-05-19,68.5,68.25
2019-05-20,69.5,70.375
2019-05-21,57.291666666666664,57.375
2019-05-22,60.125,58.714285714285715
2019-05-23,64.33333333333333,64.0
2019-05-24,62.333333333333336,63.125
2019-05-25,62.416666666666664,62.375
2019-05-26,70.375,70.125
2019-05-27,66.25,65.0
2019-05-28,53.583333333333336,54.125
2019-05-29,57.166666666666664,56.75
2019-05-30,64.95833333333333,65.42857142857143
2019-05-31,65.70833333333333,65.0
2019-06-01,67.25,64.71428571428571
2019-06-02,65.20833333333333,64.57142857142857
2019-06-03,55.416666666666664,55.142857142857146
2019-06-04,57.291666666666664,57.125
2019-06-05,69.58333333333333,69.125
2019-06-06,67.5,68.14285714285714
2019-06-07,69.66666666666667,69.75
2019-06-08,67.875,68.25
2019-06-09,68.875,68.75
2019-06-10,68.33333333333333,68.125
2019-06-11,66.0,66.125
2019-06-12,66.375,66.375
2019-06-13,60.541666666666664,60.875
2019-06-14,62.291666666666664,63.0
2019-06-15,68.875,68.375
2019-06-16,65.70833333333333,65.625
2019-06-17,69.25,68.85714285714286
2019-06-18,66.5,66.5
2019-06-19,71.91666666666667,71.875
2019-06-20,71.91666666666667,71.75
2019-06-21,68.08333333333333,68.0
2019-06-22,68.91666666666667,69.28571428571429
2019-06-23,71.75,71.875
2019-06-24,73.08333333333333,72.28571428571429
2019-06-25,74.70833333333333,74.75
2019-06-26,74.875,75.125
2019-06-27,75.58333333333333,75.5
2019-06-28,77.625,74.85714285714286
2019-06-29,77.5,78.0
2019-06-30,69.33333333333333,70.0
2019-07-01,73.29166666666667,73.125
2019-07-02,73.83333333333333,73.42857142857143
2019-07-03,78.33333333333333,78.875
2019-07-04,80.375,78.85714285714286
2019-07-05,81.875,82.0
2019-07-06,78.70833333333333,78.875
2019-07-07,72.25,72.14285714285714
2019-07-08,71.66666666666667,70.14285714285714
2019-07-09,74.41666666666667,72.85714285714286
2019-07-10,76.375,75.0
2019-07-11,77.29166666666667,77.375
2019-07-12,74.95833333333333,75.5
2019-07-13,76.45833333333333,75.71428571428571
2019-07-14,77.125,77.75
2019-07-15,73.16666666666667,73.0
2019-07-16,77.20833333333333,75.42857142857143
2019-07-17,76.25,76.14285714285714
2019-07-18,74.5,74.0
2019-07-19,81.0,80.75
2019-07-20,82.83333333333333,82.5
2019-07-21,80.75,80.5
2019-07-22,67.75,68.28571428571429
2019-07-23,70.16666666666667,69.14285714285714
2019-07-24,71.54166666666667,71.0
2019-07-25,70.54166666666667,70.625
2019-07-26,74.125,72.85714285714286
2019-07-27,76.20833333333333,75.42857142857143
2019-07-28,77.04545454545455,77.5
2019-07-29,79.125,78.28571428571429
2019-07-30,79.08333333333333,78.5
2019-07-31,74.16666666666667,74.125
2019-08-01,72.79166666666667,73.25
2019-08-02,73.5,72.28571428571429
2019-08-03,74.0,73.57142857142857
2019-08-04,72.29166666666667,72.0
2019-08-05,70.29166666666667,67.2
2019-08-06,72.70833333333333,71.625
2019-08-07,74.20833333333333,74.125
2019-08-08,73.20833333333333,73.75
2019-08-09,72.20833333333333,72.375
2019-08-10,65.75,65.875
2019-08-11,68.33333333333333,68.0
2019-08-12,71.91666666666667,71.625
2019-08-13,73.08333333333333,73.25
2019-08-14,73.33333333333333,73.75
2019-08-15,71.75,71.57142857142857
2019-08-16,71.20833333333333,71.25
2019-08-17,74.95833333333333,75.875
2019-08-18,73.58333333333333,73.125
2019-08-19,76.08333333333333,75.875
2019-08-20,75.58333333333333,75.875
2019-08-21,73.375,72.625
2019-08-22,73.83333333333333,74.375
2019-08-23,67.75,67.75
2019-08-24,65.125,65.25
2019-08-25,67.29166666666667,67.25
2019-08-26,64.66666666666667,62.857142857142854
2019-08-27,66.79166666666667,66.75
2019-08-28,71.83333333333333,71.625
2019-08-29,68.25,68.375
2019-08-30,69.08333333333333,68.875
2019-08-31,66.3913043478261,66.5
2019-09-01,65.33333333333333,64.75
2019-09-02,67.0,66.875
2019-09-03,68.41666666666667,68.25
2019-09-04,70.58333333333333,71.625
2019-09-05,62.083333333333336,60.857142857142854
2019-09-06,62.041666666666664,62.0
2019-09-07,63.0,61.833333333333336
2019-09-08,62.958333333333336,63.25
2019-09-09,61.625,61.125
2019-09-10,66.58333333333333,67.66666666666667
2019-09-11,75.5,75.625
2019-09-12,60.833333333333336,61.375
2019-09-13,60.25,60.125
2019-09-14,64.45833333333333,64.5
2019-09-15,66.75,66.75
2019-09-16,63.375,63.125
2019-09-17,59.708333333333336,60.0
2019-09-18,57.416666666666664,58.714285714285715
2019-09-19,55.083333333333336,54.285714285714285
2019-09-20,59.541666666666664,58.875
2019-09-21,65.45833333333333,67.14285714285714
2019-09-22,70.70833333333333,69.875
2019-09-23,75.0,75.875
2019-09-24,63.916666666666664,64.57142857142857
2019-09-25,62.78260869565217,63.125
2019-09-26,61.583333333333336,61.625
2019-09-27,60.69565217391305,58.4
2019-09-28,69.29166666666667,68.625
2019-09-29,61.0,61.5
2019-09-30,58.583333333333336,58.5
2019-10-01,67.83333333333333,67.125
2019-10-02,62.91304347826087,63.333333333333336
2019-10-03,49.083333333333336,48.714285714285715
2019-10-04,51.666666666666664,52.125
2019-10-05,45.958333333333336,44.142857142857146
2019-10-06,56.958333333333336,56.0
2019-10-07,60.583333333333336,60.75
2019-10-08,55.791666666666664,56.125
2019-10-09,53.708333333333336,53.375
2019-10-10,57.0,57.375
2019-10-11,55.333333333333336,55.125
2019-10-12,55.875,55.625
2019-10-13,52.625,51.333333333333336
2019-10-14,53.375,52.75
2019-10-15,49.333333333333336,49.25
2019-10-16,52.166666666666664,51.142857142857146
2019-10-17,49.583333333333336,50.0
2019-10-18,48.0,48.25
2019-10-19,48.78947368421053,47.375
2019-10-20,45.083333333333336,44.625
2019-10-21,49.041666666666664,47.714285714285715
2019-10-22,53.21052631578947,53.0
2019-10-23,55.45,52.142857142857146
2019-10-24,51.34782608695652,51.5
2019-10-25,52.26086956521739,52.375
2019-10-26,50.36363636363637,50.0
2019-10-27,50.72727272727273,51.0
2019-10-28,55.94736842105263,54.0
2019-10-29,57.708333333333336,57.75
2019-10-30,59.833333333333336,60.0
2019-10-31,66.75,66.5
2019-11-01,47.375,46.857142857142854
2019-11-02,43.166666666666664,43.857142857142854
2019-11-03,40.291666666666664,40.875
2019-11-04,43.625,42.75
2019-11-05,50.0,50.625
2019-11-06,40.166666666666664,39.875
2019-11-07,40.916666666666664,40.333333333333336
2019-11-08,28.958333333333332,28.875
2019-11-09,30.5,30.0
2019-11-10,41.166666666666664,40.875
2019-11-11,35.958333333333336,36.625
2019-11-12,26.875,27.375
2019-11-13,19.958333333333332,20.0
2019-11-14,29.708333333333332,29.25
2019-11-15,40.083333333333336,40.125
2019-11-16,26.583333333333332,27.25
2019-11-17,27.791666666666668,27.0
2019-11-18,35.916666666666664,35.75
2019-11-19,35.625,35.875
2019-11-20,35.166666666666664,35.125
2019-11-21,37.21739130434783,37.375
2019-11-22,42.56521739130435,43.142857142857146
2019-11-23,36.5,36.0
2019-11-24,37.17391304347826,37.5
2019-11-25,43.125,43.0
2019-11-26,44.130434782608695,43.5
2019-11-27,43.416666666666664,42.285714285714285
2019-11-28,40.541666666666664,41.375
2019-11-29,31.166666666666668,31.375
2019-11-30,25.833333333333332,24.857142857142858
2019-12-01,22.083333333333332,21.75
2019-12-02,30.333333333333332,30.5
2019-12-03,27.956521739130434,28.25
2019-12-04,31.708333333333332,31.125
2019-12-05,33.625,34.0
2019-12-06,30.75,31.125
2019-12-07,22.0,23.0
2019-12-08,22.708333333333332,21.375
2019-12-09,42.125,42.0
2019-12-10,44.541666666666664,45.5
2019-12-11,30.833333333333332,30.875
2019-12-12,26.217391304347824,26.25
2019-12-13,33.89473684210526,33.625
2019-12-14,41.68421052631579,41.285714285714285
2019-12-15,37.791666666666664,38.125
2019-12-16,28.318181818181817,28.25
2019-12-17,28.041666666666668,28.0
2019-12-18,26.583333333333332,27.625
2019-12-19,12.625,12.625
2019-12-20,13.708333333333334,13.5
2019-12-21,15.791666666666666,15.75
2019-12-22,21.541666666666668,21.125
2019-12-23,35.791666666666664,35.75
2019-12-24,34.708333333333336,35.25
2019-12-25,29.541666666666668,29.75
2019-12-26,35.458333333333336,34.875
2019-12-27,43.75,43.625
2019-12-28,38.916666666666664,39.375
2019-12-29,34.791666666666664,34.75
2019-12-30,35.375,35.375
2019-12-31,35.625,35.5
2020-01-01,35.875,36.0
2020-01-02,37.333333333333336,36.875
2020-01-03,43.583333333333336,43.5
2020-01-04,39.166666666666664,39.5
2020-01-05,32.625,33.125
2020-01-06,33.083333333333336,32.75
2020-01-07,33.458333333333336,33.375
2020-01-08,30.208333333333332,30.625
2020-01-09,21.583333333333332,21.5
2020-01-10,38.125,37.375
2020-01-11,58.458333333333336,58.833333333333336
2020-01-12,50.041666666666664,51.375
2020-01-13,35.75,34.857142857142854
2020-01-14,40.583333333333336,40.125
2020-01-15,39.833333333333336,39.75
2020-01-16,34.625,35.5
2020-01-17,14.5,15.125
2020-01-18,17.041666666666668,16.5
2020-01-19,28.916666666666668,29.5
2020-01-20,16.583333333333332,16.875
2020-01-21,17.583333333333332,17.75
2020-01-22,25.166666666666668,25.25
2020-01-23,24.375,24.125
2020-01-24,28.833333333333332,29.125
2020-01-25,32.541666666666664,32.25
2020-01-26,38.291666666666664,38.285714285714285
2020-01-27,38.083333333333336,38.0
2020-01-28,34.75,35.0
2020-01-29,28.916666666666668,29.625
2020-01-30,23.416666666666668,23.25
2020-01-31,28.291666666666668,27.5
2020-02-01,35.375,35.625
2020-02-02,33.458333333333336,33.714285714285715
2020-02-03,36.333333333333336,36.75
2020-02-04,37.75,36.5
2020-02-05,35.583333333333336,36.0
2020-02-06,30.75,30.625
2020-02-07,29.708333333333332,30.25
2020-02-08,19.291666666666668,19.375
2020-02-09,22.583333333333332,21.625
2020-02-10,37.125,37.125
2020-02-11,35.833333333333336,35.625
2020-02-12,37.25,37.25
2020-02-13,35.5,35.625
2020-02-14,16.583333333333332,17.875
2020-02-15,17.375,16.5
2020-02-16,32.208333333333336,32.375
2020-02-17,31.791666666666668,32.0
2020-02-18,32.333333333333336,31.625
2020-02-19,34.25,35.0
2020-02-20,24.583333333333332,24.625
2020-02-21,23.333333333333332,23.0
2020-02-22,31.208333333333332,31.125
2020-02-23,36.166666666666664,33.57142857142857
2020-02-24,44.708333333333336,44.375
2020-02-25,42.916666666666664,43.0
2020-02-26,36.916666666666664,37.125
2020-02-27,34.291666666666664,33.714285714285715
2020-02-28,29.333333333333332,29.75
2020-02-29,24.25,24.75
2020-03-01,27.083333333333332,26.5
2020-03-02,45.333333333333336,45.0
2020-03-03,50.208333333333336,50.5
2020-03-04,43.791666666666664,43.42857142857143
2020-03-05,39.083333333333336,39.5
2020-03-06,37.291666666666664,37.0
2020-03-07,34.166666666666664,34.5
2020-03-08,41.458333333333336,41.0
2020-03-09,59.333333333333336,58.0
2020-03-10,56.291666666666664,57.375
2020-03-11,40.291666666666664,41.333333333333336
2020-03-12,43.291666666666664,42.875
2020-03-13,46.666666666666664,47.333333333333336
2020-03-14,41.166666666666664,41.8
2020-03-15,36.916666666666664,37.25
2020-03-16,34.708333333333336,34.125
2020-03-17,41.25,41.125
2020-03-18,44.25,43.857142857142854
2020-03-19,44.666666666666664,44.75
2020-03-20,52.541666666666664,52.75
2020-03-21,38.333333333333336,38.142857142857146
2020-03-22,32.333333333333336,31.285714285714285
2020-03-23,34.041666666666664,33.857142857142854
2020-03-24,37.36363636363637,36.833333333333336
2020-03-25,38.583333333333336,37.714285714285715
2020-03-26,46.25,45.125
2020-03-27,50.916666666666664,51.125
2020-03-28,41.208333333333336,40.875
2020-03-29,46.583333333333336,46.142857142857146
2020-03-30,43.916666666666664,44.125
2020-03-31,42.583333333333336,43.0
2020-04-01,43.625,43.75
2020-04-02,46.125,45.875
2020-04-03,46.833333333333336,46.625
2020-04-04,54.25,53.714285714285715
2020-04-05,54.041666666666664,53.57142857142857
2020-04-06,50.833333333333336,49.42857142857143
2020-04-07,55.333333333333336,55.625
2020-04-08,50.04347826086956,48.333333333333336
2020-04-09,45.75,46.125
2020-04-10,41.958333333333336,41.875
2020-04-11,41.666666666666664,42.375
2020-04-12,50.25,49.125
2020-04-13,59.125,59.5
2020-04-14,46.25,46.25
2020-04-15,41.333333333333336,41.5
2020-04-16,37.75,37.75
2020-04-17,40.041666666666664,40.0
2020-04-18,39.833333333333336,39.625
2020-04-19,49.791666666666664,49.25
2020-04-20,45.041666666666664,45.625
2020-04-21,41.083333333333336,41.125
2020-04-22,36.791666666666664,36.875
2020-04-23,42.5,41.142857142857146
2020-04-24,45.375,45.5
2020-04-25,55.125,50.2
2020-04-26,47.666666666666664,48.5
2020-04-27,42.333333333333336,42.25
2020-04-28,50.25,50.142857142857146
2020-04-29,53.458333333333336,53.625
2020-04-30,52.666666666666664,52.375
2020-05-01,57.208333333333336,57.142857142857146
2020-05-02,59.083333333333336,58.625
2020-05-03,67.45833333333333,67.625
2020-05-04,53.25,54.0
2020-05-05,48.041666666666664,48.0
2020-05-06,49.75,48.714285714285715
2020-05-07,53.869565217391305,53.857142857142854
2020-05-08,45.65217391304348,43.666666666666664
2020-05-09,37.958333333333336,37.375
2020-05-10,47.875,47.5
2020-05-11,46.08695652173913,45.5
2020-05-12,45.0,45.125
2020-05-13,47.625,45.333333333333336
2020-05-14,56.416666666666664,55.42857142857143
2020-05-15,67.875,67.85714285714286
2020-05-16,64.16666666666667,64.5
2020-05-17,63.583333333333336,63.0
2020-05-18,60.333333333333336,60.375
2020-05-19,61.875,61.875
2020-05-20,61.875,62.0
2020-05-21,63.875,63.625
2020-05-22,70.70833333333333,70.28571428571429
2020-05-23,72.91666666666667,73.625
2020-05-24,66.16666666666667,66.42857142857143
2020-05-25,68.0,67.625
2020-05-26,76.83333333333333,76.625
2020-05-27,77.54166666666667,77.5
2020-05-28,74.95833333333333,75.125
2020-05-29,77.16666666666667,78.14285714285714
2020-05-30,67.16666666666667,66.42857142857143
2020-05-31,55.75,55.714285714285715
2020-06-01,55.416666666666664,54.875
2020-06-02,59.875,58.57142857142857
2020-06-03,67.58333333333333,67.625
2020-06-04,76.08333333333333,74.6
2020-06-05,76.66666666666667,75.85714285714286
2020-06-06,74.625,74.75
2020-06-07,64.29166666666667,64.375
2020-06-08,67.125,66.625
2020-06-09,72.20833333333333,71.875
2020-06-10,75.16666666666667,74.75
2020-06-11,76.125,77.0
2020-06-12,68.75,68.875
2020-06-13,56.375,56.625
2020-06-14,58.041666666666664,57.75
2020-06-15,64.20833333333333,62.857142857142854
2020-06-16,68.0,66.85714285714286
2020-06-17,73.33333333333333,71.57142857142857
2020-06-18,75.45833333333333,75.25
2020-06-19,78.375,77.57142857142857
2020-06-20,80.41666666666667,79.42857142857143
2020-06-21,81.5,81.375
2020-06-22,83.58333333333333,83.5
2020-06-23,83.375,83.5
2020-06-24,75.79166666666667,76.625
2020-06-25,73.33333333333333,73.625
2020-06-26,73.45833333333333,73.625
2020-06-27,67.33333333333333,67.0
2020-06-28,70.04166666666667,70.0
2020-06-29,71.375,71.875
2020-06-30,69.70833333333333,67.66666666666667
2020-07-01,71.25,71.375
2020-07-02,75.375,74.71428571428571
2020-07-03,74.5,74.375
2020-07-04,76.79166666666667,76.625
2020-07-05,78.125,76.57142857142857
2020-07-06,77.29166666666667,77.25
2020-07-07,76.79166666666667,76.625
2020-07-08,77.79166666666667,78.28571428571429
2020-07-09,82.25,81.14285714285714
2020-07-10,79.45833333333333,79.625
2020-07-11,80.625,80.625
2020-07-12,80.375,80.625
2020-07-13,77.91666666666667,77.71428571428571
2020-07-14,73.66666666666667,74.25
2020-07-15,75.33333333333333,73.14285714285714
2020-07-16,73.66666666666667,73.625
2020-07-17,70.45833333333333,70.125
2020-07-18,73.91666666666667,74.125
2020-07-19,78.625,77.75
2020-07-20,79.33333333333333,80.125
2020-07-21,72.91666666666667,73.125
2020-07-22,70.41666666666667,69.0
2020-07-23,73.08333333333333,72.875
2020-07-24,72.5,72.875
2020-07-25,73.58333333333333,71.85714285714286
2020-07-26,76.08333333333333,75.16666666666667
2020-07-27,79.95652173913044,79.42857142857143
2020-07-28,72.95833333333333,73.125
2020-07-29,71.625,70.14285714285714
2020-07-30,70.86363636363636,69.85714285714286
2020-07-31,71.66666666666667,71.75
2020-08-01,74.5,73.28571428571429
2020-08-02,76.16666666666667,75.625
2020-08-03,75.04166666666667,74.875
2020-08-04,66.9090909090909,66.85714285714286
2020-08-05,69.0,69.5
2020-08-06,65.58333333333333,63.833333333333336
2020-08-07,65.29166666666667,65.0
2020-08-08,72.125,71.71428571428571
2020-08-09,73.79166666666667,72.85714285714286
2020-08-10,73.66666666666667,73.0
2020-08-11,76.08333333333333,75.875
2020-08-12,73.08695652173913,73.57142857142857
2020-08-13,70.625,70.25
2020-08-14,72.08333333333333,70.42857142857143
2020-08-15,69.58333333333333,69.75
2020-08-16,65.91666666666667,65.28571428571429
2020-08-17,65.5,63.857142857142854
2020-08-18,66.91666666666667,67.375
2020-08-19,62.5,62.75
2020-08-20,63.0,61.285714285714285
2020-08-21,69.5,69.14285714285714
2020-08-22,71.79166666666667,71.71428571428571
2020-08-23,69.125,69.125
2020-08-24,73.66666666666667,73.5
2020-08-25,70.70833333333333,71.125
2020-08-26,60.125,60.5
2020-08-27,58.208333333333336,58.285714285714285
2020-08-28,63.875,63.875
2020-08-29,67.375,66.85714285714286
2020-08-30,62.25,62.5
2020-08-31,60.458333333333336,59.857142857142854
2020-09-01,66.41666666666667,66.25
2020-09-02,66.125,65.875
2020-09-03,67.79166666666667,67.14285714285714
2020-09-04,64.5,65.125
2020-09-05,61.333333333333336,62.0
2020-09-06,63.75,63.142857142857146
2020-09-07,67.41666666666667,67.125
2020-09-08,70.70833333333333,70.625
2020-09-09,69.91666666666667,70.28571428571429
2020-09-10,66.91666666666667,67.25
2020-09-11,56.333333333333336,57.0
2020-09-12,55.75,55.75
2020-09-13,62.333333333333336,62.125
2020-09-14,59.583333333333336,60.375
2020-09-15,49.75,49.5
2020-09-16,56.125,57.714285714285715
2020-09-17,56.041666666666664,56.375
2020-09-18,52.333333333333336,52.875
2020-09-19,45.291666666666664,44.714285714285715
2020-09-20,46.041666666666664,46.0
2020-09-21,45.5,45.625
2020-09-22,48.583333333333336,47.875
2020-09-23,59.916666666666664,59.5
2020-09-24,60.166666666666664,60.375
2020-09-25,64.66666666666667,64.625
2020-09-26,64.5,64.85714285714286
2020-09-27,68.66666666666667,68.625
2020-09-28,68.54166666666667,68.875
2020-09-29,63.208333333333336,63.875
2020-09-30,56.625,57.0
2020-10-01,56.833333333333336,56.142857142857146
2020-10-02,50.416666666666664,48.666666666666664
2020-10-03,47.25,46.57142857142857
2020-10-04,45.166666666666664,44.75
2020-10-05,51.75,51.0
2020-10-06,54.208333333333336,53.875
2020-10-07,56.94736842105263,56.25
2020-10-08,48.25,49.125
2020-10-09,49.208333333333336,48.8
2020-10-10,62.42857142857143,62.125
2020-10-11,48.833333333333336,49.285714285714285
2020-10-12,46.541666666666664,46.0
2020-10-13,48.166666666666664,48.5
2020-10-14,49.958333333333336,49.875
2020-10-15,58.166666666666664,57.625
2020-10-16,47.791666666666664,48.25
2020-10-17,44.916666666666664,45.42857142857143
2020-10-18,46.625,46.25
2020-10-19,52.625,53.285714285714285
2020-10-20,55.666666666666664,55.0
2020-10-21,58.166666666666664,57.75
2020-10-22,58.625,58.57142857142857
2020-10-23,62.375,62.125
2020-10-24,51.875,52.875
2020-10-25,38.833333333333336,38.875
2020-10-26,42.791666666666664,42.625
2020-10-27,44.25,44.75
2020-10-28,41.5,42.0
2020-10-29,40.416666666666664,40.75
2020-10-30,30.291666666666668,30.875
2020-10-31,30.25,30.0
2020-11-01,39.208333333333336,38.714285714285715
2020-11-02,32.958333333333336,32.5
2020-11-03,33.416666666666664,33.5
2020-11-04,43.583333333333336,42.875
2020-11-05,54.916666666666664,53.285714285714285
2020-11-06,55.041666666666664,55.375
2020-11-07,53.166666666666664,52.75
2020-11-08,49.375,49.375
2020-11-09,47.875,47.375
2020-11-10,54.458333333333336,53.5
2020-11-11,61.041666666666664,61.0
2020-11-12,44.375,43.857142857142854
2020-11-13,36.958333333333336,36.375
2020-11-14,37.666666666666664,38.625
2020-11-15,36.708333333333336,33.857142857142854
2020-11-16,41.30434782608695,41.833333333333336
2020-11-17,33.583333333333336,34.0
2020-11-18,22.708333333333332,23.125
2020-11-19,31.75,30.875
2020-11-20,46.75,47.25
2020-11-21,41.541666666666664,41.375
2020-11-22,32.416666666666664,32.25
2020-11-23,36.75,37.25
2020-11-24,31.291666666666668,31.5
2020-11-25,36.791666666666664,36.125
2020-11-26,47.75,46.57142857142857
2020-11-27,45.125,45.285714285714285
2020-11-28,38.208333333333336,38.875
2020-11-29,33.583333333333336,33.25
2020-11-30,39.608695652173914,38.42857142857143
2020-12-01,47.583333333333336,48.0
2020-12-02,34.125,34.5
2020-12-03,35.083333333333336,35.0
2020-12-04,40.625,40.875
2020-12-05,35.166666666666664,35.75
2020-12-06,27.291666666666668,27.625
2020-12-07,25.625,25.625
2020-12-08,23.708333333333332,24.142857142857142
2020-12-09,25.875,25.375
2020-12-10,35.333333333333336,35.125
2020-12-11,35.625,35.75
2020-12-12,33.958333333333336,33.25
2020-12-13,42.791666666666664,43.25
2020-12-14,32.333333333333336,32.25
2020-12-15,25.0,25.5
2020-12-16,13.791666666666666,13.875
2020-12-17,16.458333333333332,16.625
2020-12-18,11.958333333333334,12.0
2020-12-19,9.416666666666666,9.25
2020-12-20,24.75,24.125
2020-12-21,32.083333333333336,32.0
2020-12-22,32.916666666666664,32.875
2020-12-23,29.958333333333332,30.375
2020-12-24,43.75,42.625
2020-12-25,50.375,50.625
2020-12-26,27.625,28.0
2020-12-27,28.291666666666668,28.125
2020-12-28,36.041666666666664,35.875
2020-12-29,26.791666666666668,27.75
2020-12-30,27.125,26.625
2020-12-31,34.416666666666664,34.75
2021-01-01,26.458333333333332,26.375
2021-01-02,32.541666666666664,32.857142857142854
2021-01-03,29.75,29.875
2021-01-04,30.666666666666668,30.625
2021-01-05,30.75,30.875
2021-01-06,27.875,28.0
2021-01-07,25.0,25.25
2021-01-08,20.125,20.5
2021-01-09,19.958333333333332,19.75
2021-01-10,18.875,18.714285714285715
2021-01-11,23.958333333333332,23.875
2021-01-12,27.666666666666668,27.75
2021-01-13,28.666666666666668,28.625
2021-01-14,31.541666666666668,31.375
2021-01-15,31.458333333333332,31.5
2021-01-16,32.708333333333336,32.75
2021-01-17,33.583333333333336,33.625
2021-01-18,30.625,31.125
2021-01-19,27.375,27.125
2021-01-20,23.958333333333332,24.75
2021-01-21,22.958333333333332,23.0
2021-01-22,29.958333333333332,30.375
2021-01-23,17.125,17.875
2021-01-24,12.625,12.75
2021-01-25,17.166666666666668,16.875
2021-01-26,20.083333333333332,20.0
2021-01-27,24.916666666666668,24.875
2021-01-28,18.041666666666668,18.625
2021-01-29,6.541666666666667,6.625
2021-01-30,8.391304347826088,8.25
2021-01-31,6.666666666666667,6.0
2021-02-01,17.083333333333332,16.75
2021-02-02,23.875,23.625
2021-02-03,26.291666666666668,26.142857142857142
2021-02-04,28.041666666666668,28.5
2021-02-05,31.083333333333332,31.428571428571427
2021-02-06,27.375,28.25
2021-02-07,19.208333333333332,19.25
2021-02-08,14.708333333333334,14.75
2021-02-09,17.458333333333332,17.857142857142858
2021-02-10,20.375,19.0
2021-02-11,19.541666666666668,
2021-02-12,10.166666666666666,
2021-02-13,13.208333333333334,14.833333333333334
2021-02-14,19.791666666666668,19.25
2021-02-15,21.083333333333332,21.125
2021-02-16,28.458333333333332,28.714285714285715
2021-02-17,18.5,18.375
2021-02-18,21.25,21.25
2021-02-19,23.25,19.5
2021-02-20,21.916666666666668,
2021-02-21,20.434782608695652,24.333333333333332
2021-02-22,26.583333333333332,26.25
2021-02-23,33.91304347826087,33.57142857142857
2021-02-24,40.708333333333336,40.25
2021-02-25,33.708333333333336,35.42857142857143
2021-02-26,29.833333333333332,29.625
2021-02-27,36.25,36.5
2021-02-28,35.583333333333336,35.42857142857143
2021-03-01,33.166666666666664,33.875
2021-03-02,16.625,16.5
2021-03-03,31.708333333333332,32.142857142857146
2021-03-04,29.458333333333332,30.25
2021-03-05,23.125,23.125
2021-03-06,20.5,20.75
2021-03-07,22.875,23.0
2021-03-08,25.625,24.571428571428573
2021-03-09,38.625,38.625
2021-03-10,40.0,39.5
2021-03-11,52.708333333333336,52.0
2021-03-12,49.583333333333336,51.25
2021-03-13,30.0,29.875
2021-03-14,30.708333333333332,30.75
2021-03-15,20.25,20.25
2021-03-16,25.208333333333332,24.5
2021-03-17,36.166666666666664,35.375
2021-03-18,38.333333333333336,38.5
2021-03-19,29.208333333333332,29.5
2021-03-20,39.375,39.142857142857146
2021-03-21,43.583333333333336,43.75
2021-03-22,47.333333333333336,46.75
2021-03-23,51.0,50.375
2021-03-24,48.875,48.875
2021-03-25,57.541666666666664,57.125
2021-03-26,57.25,58.0
2021-03-27,44.625,45.375
2021-03-28,44.69565217391305,44.375
2021-03-29,36.27777777777778,37.375
2021-03-30,44.291666666666664,43.5
2021-03-31,50.541666666666664,51.125
2021-04-01,34.666666666666664,34.75
2021-04-02,28.958333333333332,28.875
2021-04-03,36.166666666666664,36.25
2021-04-04,42.916666666666664,42.125
2021-04-05,48.75,49.0
2021-04-06,48.458333333333336,48.375
2021-04-07,52.041666666666664,52.25
2021-04-08,56.916666666666664,55.0
2021-04-09,58.083333333333336,58.375
2021-04-10,60.666666666666664,57.166666666666664
2021-04-11,58.375,58.875
2021-04-12,47.333333333333336,47.375
2021-04-13,51.666666666666664,50.875
2021-04-14,57.875,57.875
2021-04-15,45.916666666666664,46.875
2021-04-16,35.666666666666664,35.375
2021-04-17,40.916666666666664,41.125
2021-04-18,46.291666666666664,46.0
2021-04-19,47.541666666666664,45.0
2021-04-20,45.875,46.25
2021-04-21,35.958333333333336,36.142857142857146
2021-04-22,33.291666666666664,33.5
2021-04-23,43.958333333333336,43.75
2021-04-24,55.666666666666664,55.125
2021-04-25,50.625,51.25
2021-04-26,40.916666666666664,41.42857142857143
2021-04-27,49.916666666666664,49.75
2021-04-28,55.625,55.375
2021-04-29,52.833333333333336,52.875
2021-04-30,47.125,48.0
2021-05-01,42.875,42.25
2021-05-02,51.541666666666664,51.125
2021-05-03,52.875,53.25
2021-05-04,51.541666666666664,50.0
2021-05-05,49.958333333333336,50.125
2021-05-06,49.458333333333336,49.625
2021-05-07,50.166666666666664,50.0
2021-05-08,48.625,48.714285714285715
2021-05-09,48.958333333333336,48.42857142857143
2021-05-10,48.958333333333336,49.0
2021-05-11,46.916666666666664,46.875
2021-05-12,50.333333333333336,50.375
2021-05-13,52.875,49.333333333333336
2021-05-14,56.958333333333336,55.42857142857143
2021-05-15,59.166666666666664,57.857142857142854
2021-05-16,61.625,62.0
2021-05-17,60.583333333333336,58.285714285714285
2021-05-18,64.82608695652173,63.42857142857143
2021-05-19,66.95833333333333,65.85714285714286
2021-05-20,69.25,69.0
2021-05-21,70.70833333333333,69.71428571428571
2021-05-22,72.875,73.0
2021-05-23,66.125,66.375
2021-05-24,58.25,58.0
2021-05-25,64.75,64.0
2021-05-26,69.95833333333333,69.125
2021-05-27,61.166666666666664,61.625
2021-05-28,44.041666666666664,45.0
2021-05-29,44.833333333333336,44.625
2021-05-30,45.541666666666664,45.375
2021-05-31,51.666666666666664,51.75
2021-06-01,59.166666666666664,56.666666666666664
2021-06-02,61.0,61.714285714285715
2021-06-03,63.333333333333336,63.25
2021-06-04,68.5,67.71428571428571
2021-06-05,72.95833333333333,72.625
2021-06-06,76.20833333333333,76.375
2021-06-07,77.5,77.14285714285714
2021-06-08,74.54166666666667,74.875
2021-06-09,72.58333333333333,72.375
2021-06-10,65.625,63.166666666666664
2021-06-11,61.541666666666664,61.5
2021-06-12,64.125,64.25
2021-06-13,67.5,67.14285714285714
2021-06-14,61.708333333333336,62.0
2021-06-15,62.25,62.625
2021-06-16,59.25,59.125
2021-06-17,61.041666666666664,60.42857142857143
2021-06-18,66.375,65.625
2021-06-19,73.25,73.875
2021-06-20,71.66666666666667,71.0
2021-06-21,77.20833333333333,77.5
2021-06-22,59.375,60.0
2021-06-23,58.416666666666664,58.375
2021-06-24,63.458333333333336,63.25
2021-06-25,66.91666666666667,68.0
2021-06-26,72.58333333333333,72.5
2021-06-27,78.875,79.0
2021-06-28,80.45833333333333,80.14285714285714
2021-06-29,79.33333333333333,79.28571428571429
2021-06-30,74.58333333333333,75.375
2021-07-01,68.75,68.75
2021-07-02,62.375,62.75
2021-07-03,58.958333333333336,58.875
2021-07-04,62.208333333333336,62.125
2021-07-05,68.41666666666667,68.0
2021-07-06,72.33333333333333,72.75
2021-07-07,71.5,71.5
2021-07-08,63.625,63.25
2021-07-09,69.20833333333333,68.75
2021-07-10,67.91666666666667,67.875
2021-07-11,63.25,63.5
2021-07-12,64.75,64.5
2021-07-13,68.41666666666667,69.0
2021-07-14,70.20833333333333,71.0
2021-07-15,73.29166666666667,72.75
2021-07-16,75.33333333333333,75.25
2021-07-17,68.79166666666667,69.125
2021-07-18,63.791666666666664,63.625
2021-07-19,69.08333333333333,68.75
2021-07-20,72.08333333333333,72.33333333333333
2021-07-21,66.08333333333333,66.25
2021-07-22,66.0,65.0
2021-07-23,66.41666666666667,66.75
2021-07-24,68.41666666666667,68.0
2021-07-25,69.91666666666667,70.125
2021-07-26,72.29166666666667,72.5
2021-07-27,67.95833333333333,68.25
2021-07-28,66.20833333333333,66.5
2021-07-29,63.25,63.25
2021-07-30,64.33333333333333,64.625
2021-07-31,59.75,59.0
2021-08-01,62.166666666666664,63.25
2021-08-02,64.375,64.375
2021-08-03,62.583333333333336,62.5
2021-08-04,65.5,65.125
2021-08-05,67.79166666666667,67.5
2021-08-06,71.54166666666667,70.0
2021-08-07,72.45833333333333,72.25
2021-08-08,73.625,73.0
2021-08-09,73.75,73.28571428571429
2021-08-10,74.45833333333333,74.25
2021-08-11,78.0,77.875
2021-08-12,74.58333333333333,75.5
2021-08-13,75.83333333333333,76.33333333333333
2021-08-14,69.91666666666667,70.0
2021-08-15,63.791666666666664,62.166666666666664
2021-08-16,65.0,64.75
2021-08-17,68.54166666666667,68.5
2021-08-18,72.875,73.0
2021-08-19,70.04166666666667,70.125
2021-08-20,73.0,73.0
2021-08-21,75.75,75.14285714285714
2021-08-22,71.625,71.875
2021-08-23,69.33333333333333,69.5
2021-08-24,72.54166666666667,72.75
2021-08-25,73.5,73.75
2021-08-26,76.83333333333333,75.42857142857143
2021-08-27,72.83333333333333,73.0
2021-08-28,64.45833333333333,64.625
2021-08-29,67.0,67.0
2021-08-30,71.95833333333333,72.14285714285714
2021-08-31,68.125,68.125
2021-09-01,59.875,60.0
2021-09-02,58.708333333333336,57.714285714285715
2021-09-03,60.25,60.125
2021-09-04,62.291666666666664,62.375
2021-09-05,62.416666666666664,62.25
2021-09-06,63.666666666666664,63.75
2021-09-07,63.083333333333336,62.75
2021-09-08,68.04166666666667,68.28571428571429
2021-09-09,63.142857142857146,63.8
2021-09-10,60.5,60.75
2021-09-11,61.291666666666664,61.125
2021-09-12,66.66666666666667,65.42857142857143
2021-09-13,63.791666666666664,63.875
2021-09-14,62.708333333333336,62.25
2021-09-15,68.0,69.0
2021-09-16,64.875,64.875
2021-09-17,66.33333333333333,66.375
2021-09-18,66.58333333333333,66.75
2021-09-19,58.458333333333336,58.375
2021-09-20,59.916666666666664,59.75
2021-09-21,62.166666666666664,62.0
2021-09-22,69.58333333333333,69.0
2021-09-23,71.25,71.5
2021-09-24,59.30434782608695,58.857142857142854
2021-09-25,57.416666666666664,57.625
2021-09-26,57.833333333333336,58.375
2021-09-27,59.666666666666664,59.25
2021-09-28,57.833333333333336,57.875
2021-09-29,53.416666666666664,53.375
2021-09-30,52.875,53.285714285714285
2021-10-01,53.125,53.5
2021-10-02,59.833333333333336,59.25
2021-10-03,61.0,61.25
2021-10-04,59.291666666666664,59.5
2021-10-05,58.375,58.25
2021-10-06,61.333333333333336,61.57142857142857
2021-10-07,59.625,59.5
2021-10-08,63.958333333333336,64.125
2021-10-09,61.166666666666664,61.0
2021-10-10,60.875,60.5
2021-10-11,61.666666666666664,60.714285714285715
2021-10-12,61.75,61.875
2021-10-13,61.666666666666664,61.285714285714285
2021-10-14,64.79166666666667,63.857142857142854
2021-10-15,64.83333333333333,64.375
2021-10-16,65.66666666666667,66.0
2021-10-17,52.666666666666664,52.875
2021-10-18,48.041666666666664,48.375
2021-10-19,53.0,53.0
2021-10-20,65.08333333333333,64.875
2021-10-21,62.833333333333336,62.375
2021-10-22,54.166666666666664,54.875
2021-10-23,46.875,46.625
2021-10-24,47.583333333333336,46.285714285714285
2021-10-25,51.25,51.0
2021-10-26,52.083333333333336,51.875
2021-10-27,50.041666666666664,50.375
2021-10-28,44.833333333333336,45.0
2021-10-29,43.791666666666664,43.25
2021-10-30,51.458333333333336,50.875
2021-10-31,55.833333333333336,55.5
2021-11-01,48.791666666666664,49.625
2021-11-02,44.333333333333336,44.75
2021-11-03,38.125,38.25
2021-11-04,37.291666666666664,36.57142857142857
2021-11-05,36.958333333333336,36.75
2021-11-06,36.875,34.42857142857143
2021-11-07,38.5,38.625
2021-11-08,43.958333333333336,43.875
2021-11-09,49.333333333333336,49.0
2021-11-10,50.083333333333336,50.5
2021-11-11,45.125,44.25
2021-11-12,49.916666666666664,50.875
2021-11-13,40.5,40.625
2021-11-14,42.625,42.5
2021-11-15,39.34782608695652,39.75
2021-11-16,37.541666666666664,37.25
2021-11-17,40.75,40.0
2021-11-18,52.041666666666664,52.125
2021-11-19,38.5,39.5
2021-11-20,35.791666666666664,35.25
2021-11-21,44.75,44.25
2021-11-22,40.541666666666664,41.0
2021-11-23,30.666666666666668,31.0
2021-11-24,29.583333333333332,29.375
2021-11-25,34.166666666666664,34.0
2021-11-26,35.708333333333336,35.875
2021-11-27,29.583333333333332,30.0
2021-11-28,30.0,29.625
2021-11-29,30.666666666666668,30.75
2021-11-30,29.666666666666668,29.0
2021-12-01,36.333333333333336,35.875
2021-12-02,44.0,44.25
2021-12-03,34.25,34.875
2021-12-04,34.166666666666664,34.0
2021-12-05,37.916666666666664,37.5
2021-12-06,46.0,46.0
2021-12-07,33.166666666666664,33.375
2021-12-08,29.083333333333332,29.125
2021-12-09,29.333333333333332,29.25
2021-12-10,37.0,36.625
2021-12-11,46.125,45.125
2021-12-12,39.833333333333336,40.0
2021-12-13,40.208333333333336,40.0
2021-12-14,40.958333333333336,41.5
2021-12-15,35.375,34.625
2021-12-16,53.458333333333336,52.75
2021-12-17,46.625,47.625
2021-12-18,33.833333333333336,33.875
2021-12-19,27.916666666666668,28.625
2021-12-20,24.208333333333332,23.625
2021-12-21,32.458333333333336,32.625
2021-12-22,34.458333333333336,34.5
2021-12-23,24.291666666666668,24.5
2021-12-24,25.583333333333332,25.5
2021-12-25,32.833333333333336,32.5
2021-12-26,36.791666666666664,36.625
2021-12-27,28.916666666666668,29.125
2021-12-28,36.5,36.5
2021-12-29,35.583333333333336,35.375
2021-12-30,39.875,39.75
2021-12-31,42.458333333333336,42.5
2022-01-01,46.375,46.0
2022-01-02,33.0,34.125
2022-01-03,17.625,18.0
2022-01-04,20.833333333333332,20.25
2022-01-05,33.75,33.5
2022-01-06,30.5,30.875
2022-01-07,25.0,25.5
2022-01-08,15.708333333333334,14.428571428571429
2022-01-09,30.666666666666668,30.375
2022-01-10,22.583333333333332,23.142857142857142
2022-01-11,7.291666666666667,7.857142857142857
2022-01-12,22.25,21.375
2022-01-13,31.75,31.875
2022-01-14,22.916666666666668,23.875
2022-01-15,2.0833333333333335,2.25
2022-01-16,9.625,8.875
2022-01-17,31.416666666666668,30.875
2022-01-18,20.208333333333332,21.375
2022-01-19,29.25,28.0
2022-01-20,23.5,24.5
2022-01-21,5.583333333333333,6.0
2022-01-22,8.375,7.25
2022-01-23,22.166666666666668,22.0
2022-01-24,20.083333333333332,19.875
2022-01-25,26.875,27.125
2022-01-26,13.708333333333334,14.25
2022-01-27,13.541666666666666,12.5
2022-01-28,23.5,24.0
2022-01-29,6.625,6.625
2022-01-30,11.25,11.0
2022-01-31,13.458333333333334,13.375
2022-02-01,20.75,20.0
2022-02-02,36.791666666666664,36.75
2022-02-03,37.25,37.875
2022-02-04,16.916666666666668,17.625
2022-02-05,13.875,14.714285714285714
2022-02-06,14.625,14.125
2022-02-07,26.333333333333332,25.625
2022-02-08,33.083333333333336,33.25
2022-02-09,32.416666666666664,32.0
2022-02-10,37.416666666666664,36.857142857142854
2022-02-11,40.791666666666664,40.75
2022-02-12,40.75,41.625
2022-02-13,23.0,23.5
2022-02-14,12.333333333333334,12.25
2022-02-15,17.583333333333332,17.0
2022-02-16,30.5,29.5
2022-02-17,49.708333333333336,49.125
2022-02-18,30.652173913043477,33.25
2022-02-19,21.958333333333332,21.875
2022-02-20,22.791666666666668,21.875
2022-02-21,38.416666666666664,38.857142857142854
2022-02-22,41.833333333333336,40.75
2022-02-23,42.583333333333336,43.875
2022-02-24,21.666666666666668,21.75
2022-02-25,19.583333333333332,20.375
2022-02-26,17.833333333333332,16.875
2022-02-27,29.333333333333332,29.375
2022-02-28,17.041666666666668,17.375
2022-03-01,28.333333333333332,27.0
2022-03-02,32.708333333333336,33.125
2022-03-03,25.583333333333332,26.125
2022-03-04,19.625,19.75
2022-03-05,28.666666666666668,27.625
2022-03-06,49.333333333333336,49.125
2022-03-07,41.5,41.375
2022-03-08,34.416666666666664,34.75
2022-03-09,30.125,29.875
2022-03-10,32.083333333333336,31.75
2022-03-11,37.625,36.875
2022-03-12,29.0,30.0
2022-03-13,25.291666666666668,24.285714285714285
2022-03-14,39.083333333333336,38.57142857142857
2022-03-15,43.333333333333336,43.5
2022-03-16,46.375,45.625
2022-03-17,48.791666666666664,49.857142857142854
2022-03-18,53.958333333333336,53.375
2022-03-19,54.208333333333336,53.5
2022-03-20,47.125,47.75
2022-03-21,44.708333333333336,44.875
2022-03-22,39.708333333333336,38.857142857142854
2022-03-23,37.75,36.42857142857143
2022-03-24,40.583333333333336,39.714285714285715
2022-03-25,46.5,46.625
2022-03-26,41.833333333333336,42.25
2022-03-27,33.625,34.25
2022-03-28,21.166666666666668,21.375
2022-03-29,27.041666666666668,26.75
2022-03-30,34.791666666666664,34.5
2022-03-31,51.375,51.0
2022-04-01,43.791666666666664,44.25
2022-04-02,40.791666666666664,40.0
2022-04-03,38.333333333333336,37.714285714285715
2022-04-04,43.541666666666664,43.25
2022-04-05,47.5,47.125
2022-04-06,51.541666666666664,51.25
2022-04-07,47.04347826086956,47.166666666666664
2022-04-08,48.958333333333336,49.375
2022-04-09,44.5,45.0
2022-04-10,41.375,41.75
2022-04-11,48.416666666666664,48.25
2022-04-12,56.130434782608695,56.714285714285715
2022-04-13,60.625,60.25
2022-04-14,62.333333333333336,62.5
2022-04-15,55.708333333333336,55.625
2022-04-16,47.75,47.875
2022-04-17,39.416666666666664,39.25
2022-04-18,43.416666666666664,43.42857142857143
2022-04-19,38.375,38.125
2022-04-20,43.5,43.875
2022-04-21,49.041666666666664,48.375
2022-04-22,51.875,52.25
2022-04-23,47.708333333333336,47.285714285714285
2022-04-24,56.125,56.6
2022-04-25,57.708333333333336,57.625
2022-04-26,52.25,52.75
2022-04-27,44.583333333333336,45.0
2022-04-28,44.583333333333336,44.375
2022-04-29,47.5,47.5
2022-04-30,50.583333333333336,49.57142857142857
2022-05-01,55.458333333333336,49.0
2022-05-02,53.208333333333336,53.625
2022-05-03,56.416666666666664,56.25
2022-05-04,53.583333333333336,53.625
2022-05-05,57.875,58.0
2022-05-06,55.916666666666664,56.0
2022-05-07,51.958333333333336,52.25
2022-05-08,53.291666666666664,53.75
2022-05-09,58.125,57.5
2022-05-10,60.25,60.625
2022-05-11,62.625,60.57142857142857
2022-05-12,69.125,68.625
2022-05-13,73.70833333333333,73.875
2022-05-14,73.83333333333333,74.125
2022-05-15,69.125,69.0
2022-05-16,66.75,67.125
2022-05-17,58.75,58.5
2022-05-18,58.125,57.57142857142857
2022-05-19,55.541666666666664,55.5
2022-05-20,65.29166666666667,64.625
2022-05-21,77.5,77.0
2022-05-22,75.20833333333333,75.85714285714286
2022-05-23,59.291666666666664,59.25
2022-05-24,62.0,61.75
2022-05-25,66.29166666666667,66.28571428571429
2022-05-26,65.54166666666667,65.25
2022-05-27,70.54166666666667,70.625
2022-05-28,68.875,68.875
2022-05-29,67.83333333333333,67.625
2022-05-30,73.20833333333333,72.875
2022-05-31,79.83333333333333,80.75
