DATE,SummaryValue
2015-01-01,25.0
2015-01-02,32.0
2015-01-03,27.0
2015-01-04,39.0
2015-01-05,27.0
2015-01-06,13.0
2015-01-07,9.0
2015-01-08,7.0
2015-01-09,20.0
2015-01-10,12.0
2015-01-11,18.0
2015-01-12,32.0
2015-01-13,15.0
2015-01-14,5.0
2015-01-15,15.0
2015-01-16,21.0
2015-01-17,11.0
2015-01-18,32.0
2015-01-19,34.0
2015-01-20,24.0
2015-01-21,16.0
2015-01-22,25.0
2015-01-23,25.0
2015-01-24,28.0
2015-01-25,25.0
2015-01-26,14.0
2015-01-27,14.0
2015-01-28,13.0
2015-01-29,13.0
2015-01-30,19.0
2015-01-31,7.0
2015-03-01,14.0
2015-03-02,26.0
2015-03-03,19.0
2015-03-04,35.0
2015-03-05,22.0
2015-03-06,14.0
2015-03-07,22.0
2015-03-08,30.0
2015-03-09,31.0
2015-03-10,35.0
2015-03-11,43.0
2015-03-12,33.0
2015-03-13,31.0
2015-03-14,38.0
2015-03-15,36.0
2015-03-16,35.0
2015-03-17,37.0
2015-03-18,25.0
2015-03-19,26.0
2015-03-20,28.0
2015-03-21,35.0
2015-03-22,25.0
2015-03-23,21.0
2015-03-24,26.0
2015-03-25,33.0
2015-03-26,40.0
2015-03-27,39.0
2015-03-28,27.0
2015-03-29,27.0
2015-03-30,39.0
2015-03-31,38.0
2015-04-01,36.0
2015-04-02,46.0
2015-04-03,56.0
2015-04-04,39.0
2015-04-05,34.0
2015-04-06,48.0
2015-04-07,43.0
2015-04-08,37.0
2015-04-09,38.0
2015-04-10,45.0
2015-04-11,41.0
2015-04-12,49.0
2015-04-13,55.0
2015-04-14,57.0
2015-04-15,52.0
2015-04-16,50.0
2015-04-17,57.0
2015-04-18,58.0
2015-04-19,51.0
2015-04-20,49.0
2015-04-21,53.0
2015-04-22,49.0
2015-04-23,41.0
2015-04-24,39.0
2015-04-25,44.0
2015-04-26,50.0
2015-04-27,52.0
2015-04-28,54.0
2015-04-29,60.0
2015-04-30,56.0
2015-05-01,56.0
2015-05-02,59.0
2015-05-03,64.0
2015-05-04,72.0
2015-05-05,69.0
2015-05-06,66.0
2015-05-07,66.0
2015-05-08,74.0
2015-05-09,71.0
2015-05-10,75.0
2015-05-11,76.0
2015-05-12,70.0
2015-05-13,56.0
2015-05-14,54.0
2015-05-15,58.0
2015-05-16,65.0
2015-05-17,72.0
2015-05-18,66.0
2015-05-19,66.0
2015-05-20,51.0
2015-05-21,54.0
2015-05-22,57.0
2015-05-23,52.0
2015-05-24,63.0
2015-05-25,75.0
2015-05-26,79.0
2015-05-27,78.0
2015-05-28,73.0
2015-05-29,68.0
2015-05-30,77.0
2015-05-31,60.0
2015-06-01,53.0
2015-06-02,56.0
2015-06-03,60.0
2015-06-04,59.0
2015-06-05,67.0
2015-06-06,60.0
2015-06-07,59.0
2015-06-08,68.0
2015-06-09,69.0
2015-06-10,68.0
2015-06-11,73.0
2015-06-12,73.0
2015-06-13,73.0
2015-06-14,72.0
2015-06-15,69.0
2015-06-16,72.0
2015-06-17,68.0
2015-06-18,68.0
2015-06-19,68.0
2015-06-20,64.0
2015-06-21,76.0
2015-06-22,75.0
2015-06-23,78.0
2015-06-24,70.0
2015-06-25,69.0
2015-06-26,69.0
2015-06-27,64.0
2015-06-28,60.0
2015-06-29,66.0
2015-06-30,64.0
2015-07-01,73.0
2015-07-02,67.0
2015-07-03,65.0
2015-07-04,64.0
2015-07-05,70.0
2015-07-06,71.0
2015-07-07,78.0
2015-07-08,73.0
2015-07-09,69.0
2015-07-10,74.0
2015-07-11,72.0
2015-07-12,76.0
2015-07-13,76.0
2015-07-14,75.0
2015-07-15,67.0
2015-07-16,66.0
2015-07-17,67.0
2015-07-18,79.0
2015-07-19,81.0
2015-07-20,78.0
2015-07-21,75.0
2015-07-22,72.0
2015-07-23,69.0
2015-07-24,69.0
2015-07-25,71.0
2015-07-26,76.0
2015-07-27,79.0
2015-07-28,81.0
2015-07-29,81.0
2015-07-30,79.0
2015-07-31,76.0
2015-08-01,74.0
2015-08-02,72.0
2015-08-03,78.0
2015-08-04,74.0
2015-08-05,69.0
2015-08-06,69.0
2015-08-07,68.0
2015-08-08,71.0
2015-08-09,74.0
2015-08-10,75.0
2015-08-11,73.0
2015-08-12,73.0
2015-08-13,70.0
2015-08-14,73.0
2015-08-15,76.0
2015-08-16,76.0
2015-08-18,81.0
2015-08-19,80.0
2015-08-20,82.0
2015-08-21,73.0
2015-08-22,70.0
2015-08-23,73.0
2015-08-24,77.0
2015-08-25,75.0
2015-08-26,69.0
2015-08-27,68.0
2015-08-28,67.0
2015-08-29,67.0
2015-08-30,72.0
2015-08-31,76.0
2015-09-01,75.0
2015-09-02,76.0
2015-09-03,77.0
2015-09-04,75.0
2015-09-05,73.0
2015-09-06,73.0
2015-09-07,79.0
2015-09-08,82.0
2015-09-09,82.0
2015-09-10,68.0
2015-09-11,72.0
2015-09-12,67.0
2015-09-13,69.0
2015-09-14,63.0
2015-09-15,67.0
2015-09-16,69.0
2015-09-17,71.0
2015-09-18,71.0
2015-09-19,73.0
2015-09-20,62.0
2015-09-21,57.0
2015-09-22,60.0
2015-09-23,61.0
2015-09-24,64.0
2015-09-25,62.0
2015-09-26,60.0
2015-09-27,58.0
2015-09-28,65.0
2015-09-29,74.0
2015-09-30,60.0
2015-10-01,53.0
2015-10-02,50.0
2015-10-03,52.0
2015-10-04,54.0
2015-10-05,51.0
2015-10-06,60.0
2015-10-07,61.0
2015-10-08,56.0
2015-10-09,55.0
2015-10-10,51.0
2015-10-11,53.0
2015-10-12,60.0
2015-10-13,59.0
2015-10-14,52.0
2015-10-15,51.0
2015-10-16,51.0
2015-10-17,41.0
2015-10-18,37.0
2015-10-19,36.0
2015-10-20,55.0
2015-10-21,53.0
2015-10-22,55.0
2015-10-23,42.0
2015-10-24,40.0
2015-10-25,49.0
2015-10-26,44.0
2015-10-27,43.0
2015-10-28,47.0
2015-10-29,54.0
2015-10-30,46.0
2015-10-31,40.0
2015-11-01,52.0
2015-11-02,51.0
2015-11-03,54.0
2015-11-04,55.0
2015-11-05,59.0
2015-11-06,65.0
2015-11-07,52.0
2015-11-08,44.0
2015-11-09,43.0
2015-11-10,48.0
2015-11-11,48.0
2015-11-12,52.0
2015-11-13,50.0
2015-11-14,40.0
2015-11-15,45.0
2015-11-16,47.0
2015-11-17,37.0
2015-11-18,39.0
2015-11-19,57.0
2015-11-20,46.0
2015-11-21,38.0
2015-11-22,43.0
2015-11-23,31.0
2015-11-24,32.0
2015-11-25,36.0
2015-11-26,42.0
2015-11-27,56.0
2015-11-28,47.0
2015-11-29,35.0
2015-11-30,31.0
2015-12-01,34.0
2015-12-02,46.0
2015-12-03,44.0
2015-12-04,40.0
2015-12-05,37.0
2015-12-06,31.0
2015-12-07,37.0
2015-12-08,35.0
2015-12-09,36.0
2015-12-10,50.0
2015-12-11,49.0
2015-12-12,46.0
2015-12-13,48.0
2015-12-14,53.0
2015-12-15,52.0
2015-12-16,41.0
2015-12-17,48.0
2015-12-18,44.0
2015-12-19,35.0
2015-12-20,32.0
2015-12-21,41.0
2015-12-22,50.0
2015-12-23,49.0
2015-12-24,58.0
2015-12-25,47.0
2015-12-26,42.0
2015-12-27,43.0
2015-12-28,29.0
2015-12-29,30.0
2015-12-30,38.0
2015-12-31,40.0
2016-01-01,34.0
2016-01-02,32.0
2016-01-03,34.0
2016-01-04,19.0
2016-01-05,11.0
2016-01-06,20.0
2016-01-07,26.0
2016-01-08,27.0
2016-01-09,42.0
2016-01-10,46.0
2016-01-11,27.0
2016-01-12,25.0
2016-01-13,19.0
2016-01-14,22.0
2016-01-15,33.0
2016-01-16,35.0
2016-01-17,31.0
2016-01-18,22.0
2016-01-19,18.0
2016-01-20,23.0
2016-01-21,24.0
2016-01-22,21.0
2016-01-23,20.0
2016-01-24,19.0
2016-01-25,28.0
2016-01-26,39.0
2016-01-27,32.0
2016-01-28,29.0
2016-01-29,32.0
2016-01-30,33.0
2016-01-31,44.0
2016-02-01,45.0
2016-02-02,38.0
2016-02-03,44.0
2016-02-04,47.0
2016-02-05,33.0
2016-02-06,31.0
2016-02-07,35.0
2016-02-08,31.0
2016-02-09,28.0
2016-02-10,30.0
2016-02-11,18.0
2016-02-12,14.0
2016-02-13,6.0
2016-02-14,-3.0
2016-02-15,8.0
2016-02-16,37.0
2016-02-17,33.0
2016-02-18,23.0
2016-02-19,24.0
2016-02-20,49.0
2016-02-21,40.0
2016-02-22,31.0
2016-02-23,28.0
2016-02-24,38.0
2016-02-25,46.0
2016-02-26,27.0
2016-02-27,28.0
2016-02-28,45.0
2016-02-29,42.0
2016-03-01,30.0
2016-03-02,34.0
2016-03-03,23.0
2016-03-04,28.0
2016-03-05,26.0
2016-03-06,34.0
2016-03-07,42.0
2016-03-08,46.0
2016-03-09,65.0
2016-03-10,61.0
2016-03-11,45.0
2016-03-12,44.0
2016-03-13,51.0
2016-03-14,44.0
2016-03-15,49.0
2016-03-16,54.0
2016-03-17,50.0
2016-03-18,42.0
2016-03-19,33.0
2016-03-20,32.0
2016-03-21,39.0
2016-03-22,40.0
2016-03-23,45.0
2016-03-24,46.0
2016-03-25,48.0
2016-03-26,43.0
2016-03-27,49.0
2016-03-28,46.0
2016-03-29,40.0
2016-03-30,44.0
2016-03-31,60.0
2016-04-01,56.0
2016-04-02,45.0
2016-04-03,31.0
2016-04-04,22.0
2016-04-05,25.0
2016-04-06,31.0
2016-04-07,52.0
2016-04-08,39.0
2016-04-09,37.0
2016-04-10,35.0
2016-04-11,46.0
2016-04-12,44.0
2016-04-13,42.0
2016-04-14,45.0
2016-04-15,48.0
2016-04-16,51.0
2016-04-17,56.0
2016-04-18,59.0
2016-04-19,55.0
2016-04-20,52.0
2016-04-21,54.0
2016-04-22,67.0
2016-04-23,53.0
2016-04-24,47.0
2016-04-25,52.0
2016-04-26,43.0
2016-04-27,46.0
2016-04-28,47.0
2016-04-29,48.0
2016-04-30,55.0
2016-05-01,49.0
2016-05-02,49.0
2016-05-03,51.0
2016-05-04,50.0
2016-05-05,53.0
2016-05-06,57.0
2016-05-07,55.0
2016-05-08,52.0
2016-05-09,50.0
2016-05-10,52.0
2016-05-11,58.0
2016-05-12,62.0
2016-05-13,58.0
2016-05-14,60.0
2016-05-15,46.0
2016-05-16,49.0
2016-05-17,53.0
2016-05-18,54.0
2016-05-19,60.0
2016-05-20,59.0
2016-05-21,57.0
2016-05-22,65.0
2016-05-23,66.0
2016-05-24,60.0
2016-05-25,70.0
2016-05-26,73.0
2016-05-27,79.0
2016-05-28,80.0
2016-05-29,79.0
2016-05-30,75.0
2016-05-31,71.0
2016-06-01,71.0
2016-06-02,75.0
2016-06-03,71.0
2016-06-04,73.0
2016-06-05,68.0
2016-06-06,71.0
2016-06-07,68.0
2016-06-08,59.0
2016-06-09,58.0
2016-06-10,61.0
2016-06-11,57.0
2016-06-12,61.0
2016-06-13,59.0
2016-06-14,62.0
2016-06-15,67.0
2016-06-16,72.0
2016-06-17,69.0
2016-06-18,71.0
2016-06-19,75.0
2016-06-20,78.0
2016-06-21,68.0
2016-06-22,65.0
2016-06-23,66.0
2016-06-24,68.0
2016-06-25,71.0
2016-06-26,78.0
2016-06-27,76.0
2016-06-28,75.0
2016-06-29,71.0
2016-06-30,71.0
2016-07-01,72.0
2016-07-02,65.0
2016-07-03,69.0
2016-07-04,71.0
2016-07-05,78.0
2016-07-06,77.0
2016-07-07,80.0
2016-07-08,76.0
2016-07-09,66.0
2016-07-10,71.0
2016-07-11,69.0
2016-07-12,70.0
2016-07-13,80.0
2016-07-14,80.0
2016-07-16,74.0
2016-07-17,76.0
2016-07-18,76.0
2016-07-19,69.0
2016-07-20,67.0
2016-07-21,72.0
2016-07-22,83.0
2016-07-23,78.0
2016-07-24,74.0
2016-07-25,78.0
2016-07-26,77.0
2016-07-27,77.0
2016-07-28,78.0
2016-07-29,78.0
2016-07-30,72.0
2016-07-31,67.0
2016-08-01,71.0
2016-08-02,70.0
2016-08-03,72.0
2016-08-04,72.0
2016-08-05,76.0
2016-08-06,78.0
2016-08-07,73.0
2016-08-08,72.0
2016-08-09,72.0
2016-08-10,77.0
2016-08-11,82.0
2016-08-12,83.0
2016-08-13,83.0
2016-08-14,81.0
2016-08-15,75.0
2016-08-16,76.0
2016-08-17,74.0
2016-08-18,75.0
2016-08-19,75.0
2016-08-20,74.0
2016-08-21,76.0
2016-08-22,64.0
2016-08-23,65.0
2016-08-24,71.0
2016-08-25,74.0
2016-08-26,77.0
2016-08-27,74.0
2016-08-28,76.0
2016-08-29,74.0
2016-08-30,68.0
2016-08-31,69.0
2016-09-01,71.0
2016-09-02,68.0
2016-09-03,65.0
2016-09-04,67.0
2016-09-05,70.0
2016-09-06,73.0
2016-09-07,75.0
2016-09-08,77.0
2016-09-09,78.0
2016-09-10,77.0
2016-09-11,66.0
2016-09-12,63.0
2016-09-13,68.0
2016-09-14,68.0
2016-09-15,60.0
2016-09-16,59.0
2016-09-17,67.0
2016-09-18,72.0
2016-09-19,72.0
2016-09-20,72.0
2016-09-21,69.0
2016-09-22,68.0
2016-09-23,65.0
2016-09-24,58.0
2016-09-25,53.0
2016-09-26,53.0
2016-09-27,62.0
2016-09-28,59.0
2016-09-29,59.0
2016-09-30,58.0
2016-10-01,56.0
2016-10-02,59.0
2016-10-03,65.0
2016-10-04,61.0
2016-10-05,59.0
2016-10-06,58.0
2016-10-07,60.0
2016-10-08,59.0
2016-10-09,53.0
2016-10-10,49.0
2016-10-12,57.0
2016-10-13,55.0
2016-10-14,46.0
2016-10-15,46.0
2016-10-16,57.0
2016-10-17,65.0
2016-10-18,71.0
2016-10-19,60.0
2016-10-20,52.0
2016-10-21,62.0
2016-10-22,45.0
2016-10-23,50.0
2016-10-24,47.0
2016-10-25,41.0
2016-10-26,40.0
2016-10-27,33.0
2016-10-28,41.0
2016-10-29,45.0
2016-10-30,52.0
2016-10-31,40.0
2016-11-01,41.0
2016-11-02,56.0
2016-11-03,55.0
2016-11-04,42.0
2016-11-05,45.0
2016-11-06,43.0
2016-11-07,41.0
2016-11-08,43.0
2016-11-09,45.0
2016-11-10,40.0
2016-11-11,45.0
2016-11-12,36.0
2016-11-13,45.0
2016-11-14,42.0
2016-11-15,40.0
2016-11-16,47.0
2016-11-17,45.0
2016-11-18,44.0
2016-11-19,46.0
2016-11-20,36.0
2016-11-21,32.0
2016-11-22,34.0
2016-11-23,32.0
2016-11-24,35.0
2016-11-25,41.0
2016-11-26,39.0
2016-11-27,36.0
2016-11-28,33.0
2016-11-29,42.0
2016-12-01,44.0
2016-12-02,43.0
2016-12-03,39.0
2016-12-04,30.0
2016-12-05,34.0
2016-12-06,36.0
2016-12-07,36.0
2016-12-08,35.0
2016-12-09,26.0
2016-12-10,23.0
2016-12-11,22.0
2016-12-12,34.0
2016-12-13,36.0
2016-12-14,26.0
2016-12-15,17.0
2016-12-16,11.0
2016-12-17,28.0
2016-12-18,33.0
2016-12-19,16.0
2016-12-20,17.0
2016-12-21,29.0
2016-12-22,34.0
2016-12-23,37.0
2016-12-24,39.0
2016-12-25,32.0
2016-12-26,28.0
2016-12-27,42.0
2016-12-28,34.0
2016-12-29,29.0
2016-12-30,30.0
2016-12-31,28.0
2017-01-01,29.0
2017-01-02,27.0
2017-01-03,34.0
2017-01-04,33.0
2017-01-05,24.0
2017-01-06,19.0
2017-01-07,16.0
2017-01-08,16.0
2017-01-09,13.0
2017-01-10,28.0
2017-01-11,45.0
2017-01-12,49.0
2017-01-13,32.0
2017-01-14,20.0
2017-01-15,25.0
2017-01-16,27.0
2017-01-17,27.0
2017-01-18,35.0
2017-01-19,39.0
2017-01-20,37.0
2017-01-21,46.0
2017-01-22,40.0
2017-01-23,36.0
2017-01-24,34.0
2017-01-25,35.0
2017-01-26,42.0
2017-01-27,37.0
2017-01-28,34.0
2017-01-29,33.0
2017-01-30,24.0
2017-01-31,19.0
2017-02-01,31.0
2017-02-02,27.0
2017-02-03,25.0
2017-02-04,25.0
2017-02-05,30.0
2017-02-06,29.0
2017-02-07,31.0
2017-02-08,37.0
2017-02-09,19.0
2017-02-10,13.0
2017-02-11,27.0
2017-02-12,27.0
2017-02-13,25.0
2017-02-14,26.0
2017-02-15,36.0
2017-02-16,28.0
2017-02-17,28.0
2017-02-18,35.0
2017-02-19,42.0
2017-02-20,35.0
2017-02-21,31.0
2017-02-22,48.0
2017-02-23,55.0
2017-02-24,58.0
2017-02-25,54.0
2017-02-26,31.0
2017-02-27,41.0
2017-03-01,60.0
2017-03-02,41.0
2017-03-03,26.0
2017-03-04,16.0
2017-03-05,18.0
2017-03-06,28.0
2017-03-07,43.0
2017-03-08,50.0
2017-03-09,40.0
2017-03-10,26.0
2017-03-11,15.0
2017-03-12,15.0
2017-03-13,20.0
2017-03-14,22.0
2017-03-15,19.0
2017-03-16,25.0
2017-03-17,28.0
2017-03-18,27.0
2017-03-19,37.0
2017-03-20,34.0
2017-03-21,42.0
2017-03-22,28.0
2017-03-23,25.0
2017-03-24,35.0
2017-03-26,32.0
2017-03-27,42.0
2017-03-28,45.0
2017-03-29,42.0
2017-03-30,37.0
2017-03-31,36.0
2017-04-01,39.0
2017-04-02,46.0
2017-04-03,46.0
2017-04-04,47.0
2017-04-05,47.0
2017-04-06,45.0
2017-04-07,42.0
2017-04-08,42.0
2017-04-09,49.0
2017-04-10,66.0
2017-04-11,73.0
2017-04-12,54.0
2017-04-13,50.0
2017-04-14,49.0
2017-04-15,52.0
2017-04-16,72.0
2017-04-17,56.0
2017-04-18,49.0
2017-04-19,50.0
2017-04-20,54.0
2017-04-21,52.0
2017-04-22,49.0
2017-04-23,53.0
2017-04-24,57.0
2017-04-25,51.0
2017-04-26,62.0
2017-04-27,65.0
2017-04-28,71.0
2017-04-29,63.0
2017-04-30,48.0
2017-05-01,62.0
2017-05-02,57.0
2017-05-03,49.0
2017-05-04,50.0
2017-05-05,49.0
2017-05-06,60.0
2017-05-07,47.0
2017-05-08,44.0
2017-05-09,45.0
2017-05-10,46.0
2017-05-11,55.0
2017-05-12,56.0
2017-05-13,51.0
2017-05-14,52.0
2017-05-15,59.0
2017-05-16,61.0
2017-05-17,74.0
2017-05-18,78.0
2017-05-19,67.0
2017-05-20,59.0
2017-05-21,58.0
2017-05-22,55.0
2017-05-23,60.0
2017-05-24,65.0
2017-05-25,58.0
2017-05-26,58.0
2017-05-27,62.0
2017-05-28,67.0
2017-05-29,58.0
2017-05-30,58.0
2017-05-31,67.0
2017-06-01,63.0
2017-06-02,56.0
2017-06-03,59.0
2017-06-04,55.0
2017-06-05,61.0
2017-06-06,53.0
2017-06-07,62.0
2017-06-08,65.0
2017-06-09,68.0
2017-06-10,69.0
2017-06-11,80.0
2017-06-12,80.0
2017-06-13,79.0
2017-06-14,69.0
2017-06-15,67.0
2017-06-16,64.0
2017-06-17,73.0
2017-06-18,80.0
2017-06-19,76.0
2017-06-20,72.0
2017-06-21,69.0
2017-06-22,67.0
2017-06-23,79.0
2017-06-24,73.0
2017-06-25,69.0
2017-06-26,64.0
2017-06-27,62.0
2017-06-28,65.0
2017-06-29,70.0
2017-06-30,77.0
2017-07-01,79.0
2017-07-02,75.0
2017-07-03,70.0
2017-07-04,69.0
2017-07-05,71.0
2017-07-06,75.0
2017-07-07,75.0
2017-07-08,72.0
2017-07-09,70.0
2017-07-10,74.0
2017-07-11,76.0
2017-07-12,77.0
2017-07-13,71.0
2017-07-14,67.0
2017-07-15,74.0
2017-07-16,73.0
2017-07-17,75.0
2017-07-18,75.0
2017-07-19,78.0
2017-07-20,78.0
2017-07-21,75.0
2017-07-22,73.0
2017-07-23,72.0
2017-07-24,65.0
2017-07-25,63.0
2017-07-26,68.0
2017-07-27,68.0
2017-07-28,69.0
2017-07-29,67.0
2017-07-30,67.0
2017-07-31,72.0
2017-08-01,75.0
2017-08-02,75.0
2017-08-03,76.0
2017-08-04,77.0
2017-08-05,71.0
2017-08-06,65.0
2017-08-07,65.0
2017-08-08,69.0
2017-08-09,69.0
2017-08-10,73.0
2017-08-11,71.0
2017-08-12,72.0
2017-08-13,73.0
2017-08-14,68.0
2017-08-15,72.0
2017-08-16,72.0
2017-08-17,67.0
2017-08-18,74.0
2017-08-19,74.0
2017-08-20,72.0
2017-08-21,73.0
2017-08-22,79.0
2017-08-23,69.0
2017-08-24,66.0
2017-08-25,65.0
2017-08-26,61.0
2017-08-27,62.0
2017-08-28,63.0
2017-08-29,59.0
2017-08-30,66.0
2017-08-31,63.0
2017-09-01,56.0
2017-09-02,54.0
2017-09-03,55.0
2017-09-04,67.0
2017-09-05,70.0
2017-09-06,61.0
2017-09-07,60.0
2017-09-08,59.0
2017-09-09,57.0
2017-09-10,59.0
2017-09-11,59.0
2017-09-12,65.0
2017-09-13,65.0
2017-09-14,72.0
2017-09-15,74.0
2017-09-16,74.0
2017-09-17,73.0
2017-09-18,73.0
2017-09-19,70.0
2017-09-20,71.0
2017-09-21,72.0
2017-09-22,67.0
2017-09-23,69.0
2017-09-24,75.0
2017-09-25,78.0
2017-09-26,78.0
2017-09-27,77.0
2017-09-28,63.0
2017-09-29,55.0
2017-09-30,49.0
2017-10-01,53.0
2017-10-02,54.0
2017-10-03,57.0
2017-10-04,61.0
2017-10-05,64.0
2017-10-06,57.0
2017-10-07,67.0
2017-10-08,71.0
2017-10-09,69.0
2017-10-10,67.0
2017-10-11,55.0
2017-10-12,54.0
2017-10-13,52.0
2017-10-14,62.0
2017-10-15,66.0
2017-10-16,50.0
2017-10-17,44.0
2017-10-18,56.0
2017-10-19,59.0
2017-10-20,59.0
2017-10-21,57.0
2017-10-22,57.0
2017-10-23,57.0
2017-10-24,69.0
2017-10-25,60.0
2017-10-26,50.0
2017-10-27,51.0
2017-10-28,52.0
2017-10-29,62.0
2017-10-30,59.0
2017-10-31,47.0
2017-11-01,42.0
2017-11-02,58.0
2017-11-03,53.0
2017-11-04,42.0
2017-11-05,48.0
2017-11-06,53.0
2017-11-07,38.0
2017-11-08,37.0
2017-11-09,34.0
2017-11-10,33.0
2017-11-11,26.0
2017-11-12,33.0
2017-11-13,37.0
2017-11-14,36.0
2017-11-15,41.0
2017-11-16,46.0
2017-11-17,33.0
2017-11-18,34.0
2017-11-19,43.0
2017-11-20,36.0
2017-11-21,44.0
2017-11-22,40.0
2017-11-23,32.0
2017-11-24,39.0
2017-11-25,46.0
2017-11-26,41.0
2017-11-27,33.0
2017-11-28,32.0
2017-11-29,42.0
2017-11-30,32.0
2017-12-01,38.0
2017-12-02,34.0
2017-12-03,36.0
2017-12-04,30.0
2017-12-05,46.0
2017-12-06,41.0
2017-12-07,34.0
2017-12-08,29.0
2017-12-09,30.0
2017-12-10,27.0
2017-12-11,29.0
2017-12-12,29.0
2017-12-13,19.0
2017-12-14,17.0
2017-12-15,15.0
2017-12-16,21.0
2017-12-17,18.0
2017-12-18,28.0
2017-12-19,44.0
2017-12-20,35.0
2017-12-21,27.0
2017-12-22,22.0
2017-12-23,31.0
2017-12-24,31.0
2017-12-25,25.0
2017-12-26,15.0
2017-12-27,7.0
2017-12-28,2.0
2017-12-29,6.0
2017-12-30,7.0
2017-12-31,3.0
2018-01-01,1.0
2018-01-02,8.0
2018-01-03,15.0
2018-01-04,18.0
2018-01-05,9.0
2018-01-06,3.0
2018-01-07,4.0
2018-01-08,22.0
2018-01-09,31.0
2018-01-10,24.0
2018-01-11,44.0
2018-01-12,51.0
2018-01-13,24.0
2018-01-14,10.0
2018-01-15,13.0
2018-01-16,22.0
2018-01-17,18.0
2018-01-18,13.0
2018-01-19,21.0
2018-01-20,36.0
2018-01-21,36.0
2018-01-22,36.0
2018-01-23,43.0
2018-01-24,30.0
2018-01-25,20.0
2018-01-26,21.0
2018-01-27,39.0
2018-01-28,39.0
2018-01-29,33.0
2018-01-30,23.0
2018-01-31,23.0
2018-02-01,34.0
2018-02-02,21.0
2018-02-03,17.0
2018-02-04,31.0
2018-02-05,23.0
2018-02-06,23.0
2018-02-07,20.0
2018-02-08,19.0
2018-02-09,16.0
2018-02-10,37.0
2018-02-11,33.0
2018-02-12,30.0
2018-02-13,23.0
2018-02-14,37.0
2018-02-15,42.0
2018-02-16,38.0
2018-02-17,30.0
2018-02-18,32.0
2018-02-19,34.0
2018-02-20,53.0
2018-02-21,57.0
2018-02-22,31.0
2018-02-23,28.0
2018-02-24,40.0
2018-02-25,37.0
2018-02-26,42.0
2018-02-27,42.0
2018-02-28,46.0
2018-03-01,43.0
2018-03-02,34.0
2018-03-03,37.0
2018-03-04,35.0
2018-03-05,35.0
2018-03-06,34.0
2018-03-07,34.0
2018-03-08,32.0
2018-03-09,32.0
2018-03-10,34.0
2018-03-11,32.0
2018-03-12,32.0
2018-03-13,32.0
2018-03-14,32.0
2018-03-15,35.0
2018-03-16,29.0
2018-03-17,27.0
2018-03-18,20.0
2018-03-19,25.0
2018-03-20,26.0
2018-03-21,31.0
2018-03-22,36.0
2018-03-23,37.0
2018-03-24,36.0
2018-03-25,36.0
2018-03-26,37.0
2018-03-27,37.0
2018-03-28,43.0
2018-03-29,43.0
2018-03-30,44.0
2018-03-31,44.0
2018-04-01,37.0
2018-04-02,38.0
2018-04-03,39.0
2018-04-04,41.0
2018-04-05,32.0
2018-04-06,30.0
2018-04-07,33.0
2018-04-08,29.0
2018-04-09,34.0
2018-04-10,37.0
2018-04-11,36.0
2018-04-12,42.0
2018-04-13,52.0
2018-04-14,39.0
2018-04-15,32.0
2018-04-16,41.0
2018-04-17,39.0
2018-04-18,40.0
2018-04-19,39.0
2018-04-20,39.0
2018-04-21,47.0
2018-04-22,47.0
2018-04-23,50.0
2018-04-24,58.0
2018-04-25,53.0
2018-04-26,48.0
2018-04-27,43.0
2018-04-28,57.0
2018-04-29,44.0
2018-04-30,45.0
2018-05-01,59.0
2018-05-02,68.0
2018-05-03,72.0
2018-05-04,71.0
2018-05-05,63.0
2018-05-06,60.0
2018-05-07,60.0
2018-05-08,59.0
2018-05-09,68.0
2018-05-10,65.0
2018-05-11,58.0
2018-05-12,49.0
2018-05-13,58.0
2018-05-14,66.0
2018-05-15,67.0
2018-05-16,62.0
2018-05-17,70.0
2018-05-18,62.0
2018-05-19,54.0
2018-05-20,66.0
2018-05-21,63.0
2018-05-22,59.0
2018-05-23,69.0
2018-05-24,66.0
2018-05-25,70.0
2018-05-26,75.0
2018-05-27,61.0
2018-05-28,64.0
2018-05-29,74.0
2018-05-30,73.0
2018-05-31,70.0
2018-06-01,77.0
2018-06-02,69.0
2018-06-03,67.0
2018-06-04,57.0
2018-06-05,56.0
2018-06-06,60.0
2018-06-07,63.0
2018-06-08,69.0
2018-06-09,66.0
2018-06-10,66.0
2018-06-11,67.0
2018-06-12,70.0
2018-06-13,68.0
2018-06-14,67.0
2018-06-15,66.0
2018-06-16,67.0
2018-06-17,72.0
2018-06-18,84.0
2018-06-19,74.0
2018-06-21,67.0
2018-06-22,66.0
2018-06-23,63.0
2018-06-24,69.0
2018-06-25,67.0
2018-06-26,64.0
2018-06-27,68.0
2018-06-28,73.0
2018-06-29,76.0
2018-06-30,79.0
2018-07-01,85.0
2018-07-02,87.0
2018-07-03,84.0
2018-07-04,84.0
2018-07-05,84.0
2018-07-06,73.0
2018-07-07,66.0
2018-07-09,77.0
2018-07-10,77.0
2018-07-11,73.0
2018-07-12,70.0
2018-07-13,75.0
2018-07-14,80.0
2018-07-15,83.0
2018-07-16,83.0
2018-07-17,75.0
2018-07-18,72.0
2018-07-19,69.0
2018-07-20,73.0
2018-07-21,74.0
2018-07-22,76.0
2018-07-23,79.0
2018-07-24,82.0
2018-07-25,79.0
2018-07-26,78.0
2018-07-27,77.0
2018-07-28,75.0
2018-07-29,71.0
2018-07-30,71.0
2018-07-31,77.0
2018-08-01,75.0
2018-08-02,80.0
2018-08-03,76.0
2018-08-04,77.0
2018-08-05,77.0
2018-08-06,81.0
2018-08-07,79.0
2018-08-08,79.0
2018-08-09,77.0
2018-08-10,73.0
2018-08-11,68.0
2018-08-12,73.0
2018-08-13,74.0
2018-08-14,78.0
2018-08-15,78.0
2018-08-16,79.0
2018-08-17,78.0
2018-08-18,73.0
2018-08-19,73.0
2018-08-20,70.0
2018-08-21,73.0
2018-08-22,74.0
2018-08-23,68.0
2018-08-24,71.0
2018-08-25,72.0
2018-08-26,74.0
2018-08-27,78.0
2018-08-28,86.0
2018-08-29,85.0
2018-08-30,72.0
2018-08-31,66.0
2018-09-01,73.0
2018-09-02,75.0
2018-09-03,84.0
2018-09-04,79.0
2018-09-05,79.0
2018-09-06,80.0
2018-09-07,70.0
2018-09-08,58.0
2018-09-09,56.0
2018-09-10,56.0
2018-09-11,64.0
2018-09-12,70.0
2018-09-13,76.0
2018-09-14,73.0
2018-09-15,76.0
2018-09-16,76.0
2018-09-17,75.0
2018-09-18,76.0
2018-09-19,68.0
2018-09-20,65.0
2018-09-21,68.0
2018-09-22,61.0
2018-09-23,56.0
2018-09-24,55.0
2018-09-25,57.0
2018-09-26,69.0
2018-09-27,59.0
2018-09-28,57.0
2018-09-29,58.0
2018-09-30,55.0
2018-10-01,56.0
2018-10-02,59.0
2018-10-03,58.0
2018-10-04,61.0
2018-10-05,54.0
2018-10-06,56.0
2018-10-07,62.0
2018-10-08,57.0
2018-10-09,72.0
2018-10-10,75.0
2018-10-11,67.0
2018-10-12,53.0
2018-10-13,48.0
2018-10-14,50.0
2018-10-15,50.0
2018-10-16,46.0
2018-10-17,48.0
2018-10-18,39.0
2018-10-19,45.0
2018-10-20,54.0
2018-10-21,42.0
2018-10-22,42.0
2018-10-23,51.0
2018-10-24,43.0
2018-10-25,37.0
2018-10-26,36.0
2018-10-27,40.0
2018-10-28,46.0
2018-10-29,47.0
2018-10-30,41.0
2018-10-31,45.0
2018-11-01,54.0
2018-11-02,56.0
2018-11-03,49.0
2018-11-04,44.0
2018-11-05,40.0
2018-11-06,49.0
2018-11-07,50.0
2018-11-08,40.0
2018-11-09,35.0
2018-11-10,39.0
2018-11-11,34.0
2018-11-12,38.0
2018-11-13,38.0
2018-11-14,28.0
2018-11-15,25.0
2018-11-16,33.0
2018-11-17,41.0
2018-11-18,34.0
2018-11-19,36.0
2018-11-20,36.0
2018-11-21,29.0
2018-11-22,14.0
2018-11-23,16.0
2018-11-24,30.0
2018-11-25,38.0
2018-11-26,40.0
2018-11-27,37.0
2018-11-28,37.0
2018-11-29,40.0
2018-11-30,36.0
2018-12-01,35.0
2018-12-02,39.0
2018-12-03,43.0
2018-12-04,30.0
2018-12-05,27.0
2018-12-06,29.0
2018-12-07,26.0
2018-12-08,22.0
2018-12-09,27.0
2018-12-10,30.0
2018-12-11,22.0
2018-12-12,29.0
2018-12-13,25.0
2018-12-14,39.0
2018-12-15,40.0
2018-12-16,32.0
2018-12-17,36.0
2018-12-18,25.0
2018-12-19,27.0
2018-12-20,31.0
2018-12-21,50.0
2018-12-22,47.0
2018-12-23,33.0
2018-12-24,36.0
2018-12-25,30.0
2018-12-26,27.0
2018-12-27,30.0
2018-12-28,43.0
2018-12-29,38.0
2018-12-30,28.0
2018-12-31,35.0
2019-01-01,40.0
2019-01-02,27.0
2019-01-03,38.0
2019-01-04,37.0
2019-01-05,35.0
2019-01-06,33.0
2019-01-07,22.0
2019-01-08,35.0
2019-01-09,36.0
2019-01-10,28.0
2019-01-11,18.0
2019-01-12,19.0
2019-01-13,17.0
2019-01-14,18.0
2019-01-15,22.0
2019-01-16,31.0
2019-01-17,17.0
2019-01-18,28.0
2019-01-19,19.0
2019-01-20,11.0
2019-01-21,-1.0
2019-01-22,9.0
2019-01-23,25.0
2019-01-24,40.0
2019-01-25,25.0
2019-01-26,21.0
2019-01-27,26.0
2019-01-29,17.0
2019-01-30,15.0
2019-01-31,6.0
2019-02-01,5.0
2019-02-02,15.0
2019-02-03,38.0
2019-02-04,48.0
2019-02-05,45.0
2019-02-06,31.0
2019-02-07,42.0
2019-02-08,35.0
2019-02-09,26.0
2019-02-10,25.0
2019-02-11,26.0
2019-02-12,18.0
2019-02-13,30.0
2019-02-14,32.0
2019-02-15,38.0
2019-02-16,28.0
2019-02-17,24.0
2019-02-18,20.0
2019-02-19,14.0
2019-02-20,19.0
2019-02-21,36.0
2019-02-22,34.0
2019-02-23,29.0
2019-02-24,38.0
2019-02-25,31.0
2019-02-26,20.0
2019-02-27,12.0
2019-02-28,19.0
2019-03-01,27.0
2019-03-02,31.0
2019-03-03,34.0
2019-03-04,26.0
2019-03-05,18.0
2019-03-06,16.0
2019-03-07,15.0
2019-03-08,21.0
2019-03-09,27.0
2019-03-10,33.0
2019-03-11,39.0
2019-03-12,33.0
2019-03-13,33.0
2019-03-14,49.0
2019-03-15,58.0
2019-03-16,39.0
2019-03-17,31.0
2019-03-18,34.0
2019-03-19,35.0
2019-03-20,41.0
2019-03-21,43.0
2019-03-22,37.0
2019-03-24,42.0
2019-03-25,37.0
2019-03-26,33.0
2019-03-27,36.0
2019-03-28,44.0
2019-03-29,48.0
2019-03-30,57.0
2019-03-31,48.0
2019-04-01,34.0
2019-04-02,38.0
2019-04-03,47.0
2019-04-04,39.0
2019-04-05,34.0
2019-04-06,47.0
2019-04-07,51.0
2019-04-08,52.0
2019-04-09,53.0
2019-04-10,41.0
2019-04-11,40.0
2019-04-12,50.0
2019-04-13,63.0
2019-04-14,52.0
2019-04-15,52.0
2019-04-16,48.0
2019-04-17,47.0
2019-04-18,52.0
2019-04-19,66.0
2019-04-20,66.0
2019-04-21,62.0
2019-04-22,63.0
2019-04-23,63.0
2019-04-24,52.0
2019-04-25,52.0
2019-04-26,55.0
2019-04-27,45.0
2019-04-28,46.0
2019-04-29,45.0
2019-04-30,45.0
2019-05-01,49.0
2019-05-02,58.0
2019-05-03,56.0
2019-05-04,60.0
2019-05-05,55.0
2019-05-06,64.0
2019-05-07,58.0
2019-05-08,56.0
2019-05-09,53.0
2019-05-10,61.0
2019-05-11,56.0
2019-05-12,47.0
2019-05-13,48.0
2019-05-14,44.0
2019-05-15,54.0
2019-05-16,59.0
2019-05-17,63.0
2019-05-18,60.0
2019-05-19,68.0
2019-05-20,70.0
2019-05-21,59.0
2019-05-22,58.0
2019-05-23,64.0
2019-05-24,61.0
2019-05-25,60.0
2019-05-26,72.0
2019-05-27,68.0
2019-05-28,54.0
2019-05-29,57.0
2019-05-30,66.0
2019-05-31,66.0
2019-06-01,65.0
2019-06-02,63.0
2019-06-03,55.0
2019-06-04,59.0
2019-06-05,69.0
2019-06-06,69.0
2019-06-07,68.0
2019-06-08,67.0
2019-06-09,66.0
2019-06-10,67.0
2019-06-11,66.0
2019-06-12,64.0
2019-06-13,61.0
2019-06-14,61.0
2019-06-15,68.0
2019-06-16,66.0
2019-06-17,71.0
2019-06-18,68.0
2019-06-19,73.0
2019-06-20,73.0
2019-06-21,69.0
2019-06-22,68.0
2019-06-23,70.0
2019-06-24,71.0
2019-06-25,77.0
2019-06-26,74.0
2019-06-27,75.0
2019-06-28,76.0
2019-06-29,79.0
2019-06-30,73.0
2019-07-01,73.0
2019-07-02,75.0
2019-07-03,77.0
2019-07-04,79.0
2019-07-05,81.0
2019-07-06,83.0
2019-07-07,73.0
2019-07-08,71.0
2019-07-09,73.0
2019-07-11,79.0
2019-07-12,75.0
2019-07-13,77.0
2019-07-14,78.0
2019-07-15,73.0
2019-07-16,76.0
2019-07-17,79.0
2019-07-18,75.0
2019-07-19,83.0
2019-07-20,84.0
2019-07-21,81.0
2019-07-22,70.0
2019-07-23,72.0
2019-07-25,72.0
2019-07-26,74.0
2019-07-27,75.0
2019-07-28,81.0
2019-07-29,80.0
2019-07-30,81.0
2019-07-31,73.0
2019-08-01,73.0
2019-08-02,73.0
2019-08-03,76.0
2019-08-04,73.0
2019-08-05,69.0
2019-08-06,74.0
2019-08-07,77.0
2019-08-08,76.0
2019-08-09,73.0
2019-08-10,67.0
2019-08-11,67.0
2019-08-12,71.0
2019-08-13,74.0
2019-08-14,75.0
2019-08-15,73.0
2019-08-16,72.0
2019-08-17,78.0
2019-08-18,77.0
2019-08-19,78.0
2019-08-20,75.0
2019-08-21,77.0
2019-08-22,75.0
2019-08-23,68.0
2019-08-24,64.0
2019-08-25,66.0
2019-08-26,65.0
2019-08-27,64.0
2019-08-28,76.0
2019-08-29,69.0
2019-08-30,70.0
2019-08-31,65.0
2019-09-01,63.0
2019-09-02,69.0
2019-09-03,67.0
2019-09-04,70.0
2019-09-05,62.0
2019-09-06,62.0
2019-09-07,63.0
2019-09-08,63.0
2019-09-09,61.0
2019-09-10,65.0
2019-09-11,77.0
2019-09-12,60.0
2019-09-13,59.0
2019-09-14,64.0
2019-09-15,66.0
2019-09-16,64.0
2019-09-17,60.0
2019-09-18,59.0
2019-09-19,57.0
2019-09-20,61.0
2019-09-21,67.0
2019-09-22,69.0
2019-09-23,76.0
2019-09-24,65.0
2019-09-25,63.0
2019-09-26,61.0
2019-09-27,59.0
2019-09-28,68.0
2019-09-29,60.0
2019-09-30,59.0
2019-10-01,69.0
2019-10-02,62.0
2019-10-03,49.0
2019-10-04,50.0
2019-10-05,47.0
2019-10-06,53.0
2019-10-07,61.0
2019-10-08,55.0
2019-10-09,54.0
2019-10-10,59.0
2019-10-11,55.0
2019-10-12,55.0
2019-10-13,52.0
2019-10-14,55.0
2019-10-15,51.0
2019-10-16,51.0
2019-10-17,49.0
2019-10-18,47.0
2019-10-19,48.0
2019-10-20,44.0
2019-10-21,52.0
2019-10-22,51.0
2019-10-23,51.0
2019-10-24,52.0
2019-10-25,53.0
2019-10-26,51.0
2019-10-27,51.0
2019-10-28,53.0
2019-10-29,59.0
2019-10-30,60.0
2019-10-31,68.0
2019-11-01,56.0
2019-11-02,43.0
2019-11-03,42.0
2019-11-04,40.0
2019-11-05,46.0
2019-11-06,40.0
2019-11-07,39.0
2019-11-08,30.0
2019-11-09,29.0
2019-11-10,40.0
2019-11-11,37.0
2019-11-12,26.0
2019-11-13,20.0
2019-11-14,29.0
2019-11-15,41.0
2019-11-16,29.0
2019-11-17,28.0
2019-11-18,37.0
2019-11-19,36.0
2019-11-20,36.0
2019-11-21,37.0
2019-11-22,41.0
2019-11-23,37.0
2019-11-24,38.0
2019-11-25,43.0
2019-11-26,46.0
2019-11-27,44.0
2019-11-28,40.0
2019-11-29,32.0
2019-11-30,26.0
2019-12-01,23.0
2019-12-02,30.0
2019-12-03,27.0
2019-12-04,28.0
2019-12-05,33.0
2019-12-06,30.0
2019-12-07,20.0
2019-12-08,19.0
2019-12-09,42.0
2019-12-10,44.0
2019-12-11,31.0
2019-12-12,24.0
2019-12-13,35.0
2019-12-14,41.0
2019-12-15,36.0
2019-12-16,30.0
2019-12-17,28.0
2019-12-18,25.0
2019-12-19,12.0
2019-12-20,14.0
2019-12-21,16.0
2019-12-22,22.0
2019-12-23,34.0
2019-12-24,34.0
2019-12-25,30.0
2019-12-26,34.0
2019-12-27,44.0
2019-12-28,36.0
2019-12-29,34.0
2019-12-30,37.0
2019-12-31,37.0
2020-01-01,37.0
2020-01-02,36.0
2020-01-03,43.0
2020-01-04,39.0
2020-01-05,31.0
2020-01-06,33.0
2020-01-07,31.0
2020-01-08,30.0
2020-01-09,22.0
2020-01-10,39.0
2020-01-11,57.0
2020-01-12,49.0
2020-01-13,35.0
2020-01-14,41.0
2020-01-15,38.0
2020-01-16,33.0
2020-01-17,17.0
2020-01-18,20.0
2020-01-19,28.0
2020-01-20,16.0
2020-01-21,17.0
2020-01-22,26.0
2020-01-23,24.0
2020-01-24,31.0
2020-01-25,31.0
2020-01-26,39.0
2020-01-27,39.0
2020-01-28,34.0
2020-01-29,27.0
2020-01-30,24.0
2020-01-31,26.0
2020-02-01,36.0
2020-02-02,33.0
2020-02-03,37.0
2020-02-04,36.0
2020-02-05,35.0
2020-02-06,30.0
2020-02-07,28.0
2020-02-08,18.0
2020-02-09,22.0
2020-02-10,37.0
2020-02-11,37.0
2020-02-12,36.0
2020-02-13,37.0
2020-02-14,22.0
2020-02-15,16.0
2020-02-16,32.0
2020-02-17,32.0
2020-02-18,32.0
2020-02-19,33.0
2020-02-20,25.0
2020-02-21,22.0
2020-02-22,30.0
2020-02-23,38.0
2020-02-24,46.0
2020-02-25,42.0
2020-02-26,39.0
2020-02-27,34.0
2020-02-28,30.0
2020-02-29,25.0
2020-03-01,27.0
2020-03-02,44.0
2020-03-03,48.0
2020-03-04,44.0
2020-03-05,38.0
2020-03-06,37.0
2020-03-07,36.0
2020-03-08,43.0
2020-03-09,59.0
2020-03-10,54.0
2020-03-11,42.0
2020-03-12,44.0
2020-03-13,49.0
2020-03-14,42.0
2020-03-15,38.0
2020-03-16,34.0
2020-03-17,43.0
2020-03-18,42.0
2020-03-19,45.0
2020-03-20,59.0
2020-03-21,37.0
2020-03-22,33.0
2020-03-23,35.0
2020-03-24,38.0
2020-03-25,38.0
2020-03-26,44.0
2020-03-27,51.0
2020-03-28,41.0
2020-03-29,47.0
2020-03-30,43.0
2020-03-31,43.0
2020-04-01,44.0
2020-04-02,48.0
2020-04-03,47.0
2020-04-04,55.0
2020-04-05,55.0
2020-04-06,51.0
2020-04-07,54.0
2020-04-08,51.0
2020-04-09,46.0
2020-04-10,43.0
2020-04-11,41.0
2020-04-12,47.0
2020-04-13,57.0
2020-04-14,46.0
2020-04-15,41.0
2020-04-16,39.0
2020-04-17,39.0
2020-04-18,42.0
2020-04-19,48.0
2020-04-20,45.0
2020-04-21,42.0
2020-04-22,38.0
2020-04-23,42.0
2020-04-24,47.0
2020-04-25,54.0
2020-04-26,47.0
2020-04-27,42.0
2020-04-28,51.0
2020-04-29,53.0
2020-04-30,53.0
2020-05-01,55.0
2020-05-02,58.0
2020-05-03,66.0
2020-05-04,53.0
2020-05-05,49.0
2020-05-06,47.0
2020-05-07,54.0
2020-05-08,46.0
2020-05-09,39.0
2020-05-10,47.0
2020-05-11,51.0
2020-05-12,46.0
2020-05-13,44.0
2020-05-14,52.0
2020-05-15,71.0
2020-05-16,64.0
2020-05-17,64.0
2020-05-18,62.0
2020-05-19,61.0
2020-05-20,60.0
2020-05-21,62.0
2020-05-22,69.0
2020-05-23,73.0
2020-05-24,64.0
2020-05-25,68.0
2020-05-26,77.0
2020-05-27,79.0
2020-05-28,76.0
2020-05-29,80.0
2020-05-30,68.0
2020-05-31,56.0
2020-06-01,55.0
2020-06-02,58.0
2020-06-03,70.0
2020-06-04,75.0
2020-06-05,78.0
2020-06-06,73.0
2020-06-07,65.0
2020-06-08,65.0
2020-06-09,73.0
2020-06-10,73.0
2020-06-11,75.0
2020-06-12,68.0
2020-06-13,56.0
2020-06-14,57.0
2020-06-15,64.0
2020-06-16,66.0
2020-06-17,71.0
2020-06-18,75.0
2020-06-19,79.0
2020-06-20,80.0
2020-06-21,81.0
2020-06-22,83.0
2020-06-23,84.0
2020-06-24,75.0
2020-06-25,72.0
2020-06-26,74.0
2020-06-27,67.0
2020-06-28,72.0
2020-06-29,74.0
2020-06-30,73.0
2020-07-01,74.0
2020-07-02,78.0
2020-07-03,76.0
2020-07-04,77.0
2020-07-05,77.0
2020-07-06,77.0
2020-07-07,77.0
2020-07-08,81.0
2020-07-09,84.0
2020-07-10,81.0
2020-07-11,82.0
2020-07-12,82.0
2020-07-13,78.0
2020-07-14,76.0
2020-07-15,76.0
2020-07-16,73.0
2020-07-17,72.0
2020-07-18,73.0
2020-07-19,79.0
2020-07-20,78.0
2020-07-21,73.0
2020-07-22,75.0
2020-07-23,75.0
2020-07-24,74.0
2020-07-25,74.0
2020-07-26,75.0
2020-07-27,79.0
2020-07-28,71.0
2020-07-29,72.0
2020-07-30,72.0
2020-07-31,70.0
2020-08-01,74.0
2020-08-02,78.0
2020-08-03,74.0
2020-08-04,68.0
2020-08-05,69.0
2020-08-06,66.0
2020-08-07,66.0
2020-08-08,74.0
2020-08-09,75.0
2020-08-10,76.0
2020-08-11,77.0
2020-08-12,73.0
2020-08-13,72.0
2020-08-14,72.0
2020-08-15,71.0
2020-08-16,66.0
2020-08-17,66.0
2020-08-18,66.0
2020-08-19,64.0
2020-08-20,62.0
2020-08-21,70.0
2020-08-22,73.0
2020-08-23,72.0
2020-08-24,74.0
2020-08-25,70.0
2020-08-26,61.0
2020-08-27,59.0
2020-08-28,65.0
2020-08-29,69.0
2020-08-30,60.0
2020-08-31,59.0
2020-09-01,66.0
2020-09-02,66.0
2020-09-03,68.0
2020-09-04,64.0
2020-09-05,61.0
2020-09-06,65.0
2020-09-07,66.0
2020-09-08,71.0
2020-09-09,69.0
2020-09-10,68.0
2020-09-11,56.0
2020-09-12,55.0
2020-09-13,61.0
2020-09-14,57.0
2020-09-15,49.0
2020-09-16,56.0
2020-09-17,58.0
2020-09-18,51.0
2020-09-19,46.0
2020-09-20,47.0
2020-09-21,47.0
2020-09-22,49.0
2020-09-23,59.0
2020-09-24,60.0
2020-09-25,64.0
2020-09-26,63.0
2020-09-27,69.0
2020-09-28,67.0
2020-09-29,63.0
2020-09-30,58.0
2020-10-01,58.0
2020-10-02,52.0
2020-10-03,48.0
2020-10-04,46.0
2020-10-05,52.0
2020-10-06,53.0
2020-10-07,56.0
2020-10-08,47.0
2020-10-09,49.0
2020-10-10,63.0
2020-10-11,51.0
2020-10-12,46.0
2020-10-13,48.0
2020-10-14,52.0
2020-10-15,57.0
2020-10-16,50.0
2020-10-17,46.0
2020-10-18,44.0
2020-10-19,51.0
2020-10-20,56.0
2020-10-21,58.0
2020-10-22,58.0
2020-10-23,63.0
2020-10-24,50.0
2020-10-25,39.0
2020-10-26,42.0
2020-10-27,43.0
2020-10-28,42.0
2020-10-29,41.0
2020-10-30,31.0
2020-10-31,30.0
2020-11-01,39.0
2020-11-02,35.0
2020-11-03,33.0
2020-11-04,42.0
2020-11-05,55.0
2020-11-06,58.0
2020-11-07,55.0
2020-11-08,53.0
2020-11-09,50.0
2020-11-10,52.0
2020-11-11,62.0
2020-11-12,45.0
2020-11-13,35.0
2020-11-14,33.0
2020-11-15,37.0
2020-11-16,42.0
2020-11-17,34.0
2020-11-18,22.0
2020-11-19,29.0
2020-11-20,48.0
2020-11-21,41.0
2020-11-22,32.0
2020-11-23,35.0
2020-11-24,32.0
2020-11-25,36.0
2020-11-26,46.0
2020-11-27,45.0
2020-11-28,36.0
2020-11-29,35.0
2020-11-30,41.0
2020-12-01,46.0
2020-12-02,35.0
2020-12-03,32.0
2020-12-04,42.0
2020-12-05,35.0
2020-12-06,29.0
2020-12-07,26.0
2020-12-08,22.0
2020-12-09,25.0
2020-12-10,36.0
2020-12-11,35.0
2020-12-12,36.0
2020-12-13,42.0
2020-12-14,32.0
2020-12-15,24.0
2020-12-16,14.0
2020-12-17,17.0
2020-12-18,10.0
2020-12-19,9.0
2020-12-20,24.0
2020-12-21,34.0
2020-12-22,31.0
2020-12-23,28.0
2020-12-24,46.0
2020-12-25,49.0
2020-12-26,29.0
2020-12-27,29.0
2020-12-28,36.0
2020-12-29,26.0
2020-12-30,25.0
2020-12-31,32.0
2021-01-01,24.0
2021-01-02,35.0
2021-01-03,31.0
2021-01-04,31.0
2021-01-05,31.0
2021-01-06,28.0
2021-01-07,26.0
2021-01-08,20.0
2021-01-09,21.0
2021-01-10,19.0
2021-01-11,22.0
2021-01-12,27.0
2021-01-13,28.0
2021-01-14,31.0
2021-01-15,29.0
2021-01-16,34.0
2021-01-17,32.0
2021-01-18,28.0
2021-01-19,28.0
2021-01-20,22.0
2021-01-21,23.0
2021-01-22,30.0
2021-01-23,18.0
2021-01-24,13.0
2021-01-25,17.0
2021-01-26,20.0
2021-01-27,26.0
2021-01-28,17.0
2021-01-29,7.0
2021-01-30,8.0
2021-01-31,5.0
2021-02-01,18.0
2021-02-02,24.0
2021-02-03,27.0
2021-02-04,26.0
2021-02-05,28.0
2021-02-06,24.0
2021-02-07,18.0
2021-02-08,16.0
2021-02-09,16.0
2021-02-10,19.0
2021-02-11,19.0
2021-02-12,10.0
2021-02-13,13.0
2021-02-14,22.0
2021-02-15,20.0
2021-02-16,28.0
2021-02-17,19.0
2021-02-18,22.0
2021-02-19,24.0
2021-02-20,21.0
2021-02-21,22.0
2021-02-22,25.0
2021-02-23,33.0
2021-02-24,40.0
2021-02-25,35.0
2021-02-26,31.0
2021-02-27,37.0
2021-02-28,34.0
2021-03-01,29.0
2021-03-02,17.0
2021-03-03,31.0
2021-03-04,29.0
2021-03-05,23.0
2021-03-06,20.0
2021-03-07,24.0
2021-03-08,23.0
2021-03-09,39.0
2021-03-10,38.0
2021-03-11,54.0
2021-03-12,45.0
2021-03-13,31.0
2021-03-14,30.0
2021-03-15,21.0
2021-03-16,23.0
2021-03-17,37.0
2021-03-18,36.0
2021-03-19,30.0
2021-03-20,38.0
2021-03-21,44.0
2021-03-22,46.0
2021-03-23,48.0
2021-03-24,48.0
2021-03-25,58.0
2021-03-26,60.0
2021-03-27,46.0
2021-03-28,42.0
2021-03-29,35.0
2021-03-30,42.0
2021-03-31,49.0
2021-04-01,34.0
2021-04-02,30.0
2021-04-03,36.0
2021-04-04,42.0
2021-04-05,50.0
2021-04-06,49.0
2021-04-07,51.0
2021-04-08,55.0
2021-04-09,58.0
2021-04-10,62.0
2021-04-11,60.0
2021-04-12,47.0
2021-04-13,49.0
2021-04-14,57.0
2021-04-15,45.0
2021-04-16,37.0
2021-04-17,42.0
2021-04-18,48.0
2021-04-19,47.0
2021-04-20,47.0
2021-04-21,37.0
2021-04-22,34.0
2021-04-23,44.0
2021-04-24,52.0
2021-04-25,48.0
2021-04-26,42.0
2021-04-27,50.0
2021-04-28,58.0
2021-04-29,54.0
2021-04-30,45.0
2021-05-01,44.0
2021-05-02,56.0
2021-05-03,54.0
2021-05-04,52.0
2021-05-05,50.0
2021-05-06,50.0
2021-05-07,47.0
2021-05-08,49.0
2021-05-09,50.0
2021-05-10,50.0
2021-05-11,47.0
2021-05-12,51.0
2021-05-13,51.0
2021-05-14,55.0
2021-05-15,55.0
2021-05-16,62.0
2021-05-17,59.0
2021-05-18,63.0
2021-05-19,65.0
2021-05-20,69.0
2021-05-21,72.0
2021-05-22,72.0
2021-05-23,65.0
2021-05-24,57.0
2021-05-25,64.0
2021-05-26,75.0
2021-05-27,60.0
2021-05-28,45.0
2021-05-29,45.0
2021-05-30,45.0
2021-05-31,53.0
2021-06-01,59.0
2021-06-02,60.0
2021-06-03,64.0
2021-06-04,71.0
2021-06-05,74.0
2021-06-06,74.0
2021-06-07,76.0
2021-06-08,77.0
2021-06-09,73.0
2021-06-10,66.0
2021-06-11,63.0
2021-06-12,65.0
2021-06-13,69.0
2021-06-14,61.0
2021-06-15,64.0
2021-06-16,60.0
2021-06-17,60.0
2021-06-18,63.0
2021-06-19,73.0
2021-06-20,70.0
2021-06-21,77.0
2021-06-22,59.0
2021-06-23,58.0
2021-06-24,61.0
2021-06-25,65.0
2021-06-26,73.0
2021-06-27,79.0
2021-06-28,81.0
2021-06-29,81.0
2021-06-30,80.0
2021-07-01,69.0
2021-07-02,61.0
2021-07-03,61.0
2021-07-04,64.0
2021-07-05,66.0
2021-07-06,77.0
2021-07-07,73.0
2021-07-08,63.0
2021-07-09,71.0
2021-07-10,70.0
2021-07-11,64.0
2021-07-12,65.0
2021-07-13,70.0
2021-07-14,74.0
2021-07-15,72.0
2021-07-16,75.0
2021-07-17,72.0
2021-07-18,65.0
2021-07-19,71.0
2021-07-20,74.0
2021-07-21,67.0
2021-07-22,65.0
2021-07-23,67.0
2021-07-24,67.0
2021-07-25,71.0
2021-07-26,73.0
2021-07-27,71.0
2021-07-28,68.0
2021-07-29,62.0
2021-07-30,63.0
2021-07-31,60.0
2021-08-01,64.0
2021-08-02,66.0
2021-08-03,62.0
2021-08-04,65.0
2021-08-05,68.0
2021-08-06,72.0
2021-08-07,74.0
2021-08-08,74.0
2021-08-09,74.0
2021-08-10,75.0
2021-08-11,80.0
2021-08-12,79.0
2021-08-13,79.0
2021-08-14,69.0
2021-08-15,64.0
2021-08-16,65.0
2021-08-17,67.0
2021-08-18,74.0
2021-08-19,72.0
2021-08-20,75.0
2021-08-21,76.0
2021-08-22,73.0
2021-08-23,70.0
2021-08-24,73.0
2021-08-25,73.0
2021-08-26,78.0
2021-08-27,72.0
2021-08-28,65.0
2021-08-29,68.0
2021-08-30,72.0
2021-08-31,69.0
2021-09-01,59.0
2021-09-02,60.0
2021-09-03,62.0
2021-09-04,62.0
2021-09-05,62.0
2021-09-06,65.0
2021-09-07,63.0
2021-09-08,70.0
2021-09-09,64.0
2021-09-10,61.0
2021-09-11,61.0
2021-09-12,67.0
2021-09-13,64.0
2021-09-14,62.0
2021-09-15,70.0
2021-09-16,65.0
2021-09-17,67.0
2021-09-18,69.0
2021-09-19,60.0
2021-09-20,60.0
2021-09-21,61.0
2021-09-22,70.0
2021-09-23,71.0
2021-09-24,60.0
2021-09-25,58.0
2021-09-26,58.0
2021-09-27,59.0
2021-09-28,56.0
2021-09-29,52.0
2021-09-30,52.0
2021-10-01,53.0
2021-10-02,60.0
2021-10-03,61.0
2021-10-04,59.0
2021-10-05,59.0
2021-10-06,62.0
2021-10-07,62.0
2021-10-08,65.0
2021-10-09,60.0
2021-10-10,61.0
2021-10-11,63.0
2021-10-12,62.0
2021-10-13,61.0
2021-10-14,65.0
2021-10-15,65.0
2021-10-16,66.0
2021-10-17,54.0
2021-10-18,49.0
2021-10-19,53.0
2021-10-20,67.0
2021-10-21,64.0
2021-10-22,52.0
2021-10-23,46.0
2021-10-24,45.0
2021-10-25,52.0
2021-10-26,52.0
2021-10-27,48.0
2021-10-28,47.0
2021-10-29,46.0
2021-10-30,53.0
2021-10-31,56.0
2021-11-01,47.0
2021-11-02,43.0
2021-11-03,39.0
2021-11-04,38.0
2021-11-05,38.0
2021-11-06,39.0
2021-11-07,41.0
2021-11-08,46.0
2021-11-09,49.0
2021-11-10,48.0
2021-11-11,42.0
2021-11-12,48.0
2021-11-13,42.0
2021-11-14,40.0
2021-11-15,40.0
2021-11-16,36.0
2021-11-17,39.0
2021-11-18,55.0
2021-11-19,37.0
2021-11-20,34.0
2021-11-21,44.0
2021-11-22,39.0
2021-11-23,31.0
2021-11-24,31.0
2021-11-25,33.0
2021-11-26,37.0
2021-11-27,30.0
2021-11-28,29.0
2021-11-29,29.0
2021-11-30,28.0
2021-12-01,37.0
2021-12-02,43.0
2021-12-03,34.0
2021-12-04,35.0
2021-12-05,38.0
2021-12-06,47.0
2021-12-07,34.0
2021-12-08,29.0
2021-12-09,29.0
2021-12-10,36.0
2021-12-11,45.0
2021-12-12,41.0
2021-12-13,41.0
2021-12-14,40.0
2021-12-15,35.0
2021-12-16,53.0
2021-12-17,46.0
2021-12-18,34.0
2021-12-19,27.0
2021-12-20,24.0
2021-12-21,34.0
2021-12-22,36.0
2021-12-23,25.0
2021-12-24,26.0
2021-12-25,32.0
2021-12-26,38.0
2021-12-27,30.0
2021-12-28,39.0
2021-12-29,36.0
2021-12-30,40.0
2021-12-31,43.0
2022-01-01,46.0
2022-01-02,36.0
2022-01-03,18.0
2022-01-04,20.0
2022-01-05,33.0
2022-01-06,31.0
2022-01-07,24.0
2022-01-08,16.0
2022-01-09,28.0
2022-01-10,24.0
2022-01-11,10.0
2022-01-12,19.0
2022-01-13,32.0
2022-01-14,19.0
2022-01-15,3.0
2022-01-16,9.0
2022-01-17,29.0
2022-01-18,17.0
2022-01-19,22.0
2022-01-20,23.0
2022-01-21,7.0
2022-01-22,7.0
2022-01-23,23.0
2022-01-24,19.0
2022-01-25,25.0
2022-01-26,12.0
2022-01-27,11.0
2022-01-28,21.0
2022-01-29,8.0
2022-01-30,12.0
2022-01-31,14.0
2022-02-01,19.0
2022-02-02,35.0
2022-02-03,34.0
2022-02-04,20.0
2022-02-05,14.0
2022-02-06,13.0
2022-02-07,24.0
2022-02-08,33.0
2022-02-09,30.0
2022-02-10,39.0
2022-02-11,39.0
2022-02-12,40.0
2022-02-13,21.0
2022-02-14,12.0
2022-02-15,19.0
2022-02-16,27.0
2022-02-17,48.0
2022-02-18,38.0
2022-02-19,22.0
2022-02-20,21.0
2022-02-21,42.0
2022-02-22,41.0
2022-02-23,40.0
2022-02-24,22.0
2022-02-25,21.0
2022-02-26,15.0
2022-02-27,31.0
2022-02-28,17.0
2022-03-01,26.0
2022-03-02,30.0
2022-03-03,24.0
2022-03-04,19.0
2022-03-05,26.0
2022-03-06,51.0
2022-03-07,44.0
2022-03-08,34.0
2022-03-09,30.0
2022-03-10,32.0
2022-03-11,37.0
2022-03-12,31.0
2022-03-13,26.0
2022-03-14,39.0
2022-03-15,42.0
2022-03-16,46.0
2022-03-17,49.0
2022-03-18,57.0
2022-03-19,53.0
2022-03-20,47.0
2022-03-21,46.0
2022-03-22,41.0
2022-03-23,36.0
2022-03-24,41.0
2022-03-25,48.0
2022-03-26,43.0
2022-03-27,32.0
2022-03-28,23.0
2022-03-29,28.0
2022-03-30,32.0
2022-03-31,50.0
2022-04-01,45.0
2022-04-02,42.0
2022-04-03,38.0
2022-04-04,45.0
2022-04-05,45.0
2022-04-06,52.0
2022-04-07,48.0
2022-04-08,51.0
2022-04-09,44.0
2022-04-10,43.0
2022-04-11,45.0
2022-04-12,56.0
2022-04-13,59.0
2022-04-14,64.0
2022-04-15,52.0
2022-04-16,48.0
2022-04-17,41.0
2022-04-18,44.0
2022-04-19,38.0
2022-04-20,42.0
2022-04-21,45.0
2022-04-22,51.0
2022-04-23,46.0
2022-04-24,59.0
2022-04-25,59.0
2022-04-26,51.0
2022-04-27,45.0
2022-04-28,46.0
2022-04-29,47.0
2022-04-30,50.0
2022-05-01,52.0
2022-05-02,54.0
2022-05-03,58.0
2022-05-04,54.0
2022-05-05,59.0
2022-05-06,56.0
2022-05-07,52.0
2022-05-08,53.0
2022-05-09,55.0
2022-05-10,58.0
2022-05-11,61.0
2022-05-12,66.0
2022-05-13,73.0
2022-05-14,75.0
2022-05-15,73.0
2022-05-16,70.0
2022-05-17,59.0
2022-05-18,58.0
2022-05-19,57.0
2022-05-20,63.0
2022-05-21,78.0
2022-05-22,75.0
2022-05-23,60.0
2022-05-24,61.0
2022-05-25,66.0
2022-05-26,66.0
2022-05-27,70.0
2022-05-28,68.0
2022-05-29,66.0
2022-05-30,72.0
2022-05-31,79.0
2015-01-31,19.7
2015-02-28,12.7
2015-03-31,29.8
2015-04-30,47.8
2015-05-31,65.6
2015-06-30,66.8
2015-07-31,73.0
2015-08-31,73.1
2015-09-30,68.6
2015-10-31,49.8
2015-11-30,45.5
2015-12-31,41.8
2016-01-31,27.7
2016-02-29,30.6
2016-03-31,42.7
2016-04-30,46.0
2016-05-31,59.5
2016-06-30,68.2
2016-07-31,74.0
2016-08-31,73.9
2016-09-30,66.1
2016-10-31,52.4
2016-11-30,41.4
2016-12-31,30.3
2017-01-31,30.6
2017-02-28,33.3
2017-03-31,31.7
2017-04-30,53.0
2017-05-31,57.4
2017-06-30,68.0
2017-07-31,71.7
2017-08-31,69.2
2017-09-30,65.6
2017-10-31,57.8
2017-11-30,39.2
2017-12-31,24.9
2018-01-31,23.3
2018-02-28,32.5
2018-03-31,34.1
2018-04-30,41.1
2018-05-31,64.3
2018-06-30,67.9
2018-07-31,76.5
2018-08-31,75.1
2018-09-30,67.2
2018-10-31,50.7
2018-11-30,37.0
2018-12-31,32.4
2019-01-31,23.3
2019-02-28,27.6
2019-04-30,49.8
2019-05-31,58.5
2019-06-30,68.0
2019-08-31,71.7
2019-09-30,63.8
2019-10-31,53.6
2019-11-30,36.7
2019-12-31,29.8
2020-01-31,31.8
2020-02-29,31.5
2020-03-31,42.3
2020-04-30,46.6
2020-05-31,59.8
2020-06-30,70.8
2020-07-31,75.9
2020-08-31,68.8
2020-09-30,59.7
2020-10-31,48.9
2020-11-30,41.0
2020-12-31,29.9
2021-01-31,23.3
2021-02-28,23.7
2021-03-31,36.4
2021-04-30,46.7
2021-05-31,55.6
2021-06-30,68.2
2021-07-31,67.8
2021-08-31,70.9
2021-09-30,62.2
2021-10-31,56.8
2021-11-30,38.8
2021-12-31,36.1
2022-01-31,19.7
2022-02-28,27.5
2022-03-31,37.3
2022-04-30,47.8
2022-05-31,63.3
